-3.7062748296051886,-0.6439392651693389,0.7297829867268972,0.37630325009823246,-2.0298772831169267,-0.4987095008990018,-2.9764918428782914,0.08584372155755837,-4.0825780797034215,-1.0202425152675714,0.18466718839249938,6.451576460707231
-3.606382306041897,-0.6437970765352536,0.7489523900339882,0.3761556969283551,-1.989589499573765,-0.5082968848204433,-2.857429916007909,0.10515531349873453,-3.9825380029702524,-1.0199527734636087,0.20838248917023872,6.395036353700002
-3.50653625573863,-0.641576346307699,0.7765471238755666,0.3739339454610802,-1.9545747170765582,-0.5220947623610926,-2.7299891318630634,0.13497077756786757,-3.88047020119971,-1.0155102917687793,0.2321687498868275,6.351302659757984
-3.4067494417525452,-0.6370400803189797,0.7810805716026145,0.36940188436057675,-1.9092140644972915,-0.5243593837805087,-2.625668870149931,0.14404049128363472,-3.776151326113122,-1.0064419646795564,0.256067897846959,6.3209835101650285
-3.307129503558354,-0.6299544809604174,0.7881608042290182,0.362331383680012,-1.8664794620536802,-0.5278919507547118,-2.518968699329336,0.15820632326860085,-3.669460887238366,-0.9922858646404293,0.27977570735698226,6.304638991831723
-3.2077297927705626,-0.6201043091204611,0.7980026623350437,0.3525113496678009,-1.8266105527189027,-0.5327978108938519,-2.409727130435519,0.17789835321458258,-3.5602411424383633,-0.972615658788262,0.2922057454546608,6.295572451313759
-3.108673860495861,-0.607359241252655,0.8070160125330644,0.3489361344637877,-1.7833768692825687,-0.5327195596609658,-2.3016578479627965,0.19965677128040948,-3.4576099949596486,-0.9562953757164426,0.3030023900886819,6.293142934912423
-3.010036704746415,-0.5916756445721094,0.794946849317278,0.3544062948953132,-1.72528862958419,-0.5161080994970371,-2.215089855429137,0.20327120474516858,-3.364442999641728,-0.9460819394674227,0.2777979872315743,6.290712480215222
-2.911865756952508,-0.5732601037608022,0.7862220765225996,0.36884614426144624,-1.6646208446068305,-0.49531801801097775,-2.125643680429908,0.2129619727617974,-3.2807119012139543,-0.9421062480222484,0.2522188501115419,6.304252870017205
-2.8141977750165426,-0.5523902482561405,0.7545278676886145,0.3880673032804444,-1.5903291697123563,-0.45942540633215523,-2.059669907327928,0.202137619432474,-3.202265078296987,-0.940457551536585,0.2192882970682034,6.333058768222089
-2.7169943280028894,-0.5293824565541452,0.7163161636797969,0.40646642509712655,-1.51342203329278,-0.4196160975684078,-2.0006781643230926,0.18693370712565172,-3.123460753100016,-0.9358488816512718,0.18647533246962264,6.380978363822958
-2.6202521089239106,-0.504572270397766,0.6855211503764848,0.40878828618623053,-1.4484924865570823,-0.3906525672940101,-1.934730958547426,0.18094887997871878,-3.0290403951101412,-0.9133605565839965,0.1537581693019253,6.447160095627651
-2.5238845806899293,-0.4782744310138567,0.6501007895022866,0.42707985444998325,-1.3734527578711164,-0.35064768303308,-1.8737837911876427,0.17182635848842986,-2.9509644351399125,-0.9053542854638399,0.12109814531162838,6.53102182599357
-2.4278590436616496,-0.4508177965055352,0.6221320813278237,0.4504833333934735,-1.299753895798,-0.3112332722199427,-1.805726962333826,0.1713142848222885,-2.878342377055123,-0.9013011298990088,0.0884142454124134,6.615569246054535
-2.332062220367041,-0.42250903574495463,0.5885345497240001,0.4882042086319176,-1.2161962807295619,-0.2614196884185186,-1.743527670643041,0.16602551397904547,-2.8202664289989587,-0.9107132443768722,0.05576228045248757,6.6983331053952
-2.2364405580513917,-0.3936720579497109,0.571216770265932,0.5414941809788285,-1.1330815736692477,-0.21169732361840718,-1.6652237877854597,0.1775447123162211,-2.7779347390302203,-0.9351662389285393,0.023062461973582554,6.779392874497952
-2.1408700577167457,-0.3646101494557789,0.5616391985431163,0.582409396401086,-1.060049929929388,-0.17191997579890458,-1.5792308591736295,0.19702904908733737,-2.7232794541178316,-0.9470195458568649,-0.00961069370391623,6.678532499437985
-2.0452850210861437,-0.33564407498950916,0.5520618774733986,0.6349855291743994,-0.9811806846925715,-0.12636021164425418,-1.4932231436127452,0.21641780248388948,-2.680270550260543,-0.9706296041639086,-0.0423103905229755,6.521674757221563
-1.9495667880298195,-0.3070787297113619,0.5272138470122824,0.677015948662388,-0.8998823431898568,-0.07863831403062813,-1.4223529410175373,0.22013511730092045,-2.6265827366922077,-0.9840946783737499,-0.07498070788205768,6.380707825257055
-1.853645881281001,-0.27923349628343264,0.49565041204193167,0.7251755631363461,-0.8120603650932933,-0.02485417259450909,-1.3579954692390694,0.21641691575849903,-2.578821444417347,-1.0044090594197788,-0.10761156830957645,6.255169071355987
-1.7574256644696415,-0.25241934480276623,0.47378536083568856,0.7744803977209297,-0.7283653137922002,0.024137846041237476,-1.283640303633953,0.22136601603292233,-2.531906062190571,-1.0268997425236959,-0.14023230248858698,6.144797679086499
-1.6608406458009553,-0.22695583885484477,0.44394514460926277,0.8093460695793858,-0.6477198604154161,0.06922254305763911,-1.2168955011916924,0.216989305754418,-2.470186715380341,-1.0363019084342306,-0.17279930716417735,6.049493064051496
-1.5638338335892124,-0.2031639930436428,0.4300122370864882,0.7856647455202184,-0.6040906625777411,0.07624425769504364,-1.133821596502724,0.22684824404284543,-2.3494985791094307,-0.9888287385638612,-0.20544405832928297,5.969430641682911
-1.4663506371984787,-0.18136590899824487,0.43296472489409166,0.7639726547522725,-0.567671353670149,0.07482101042996797,-1.0333859123043871,0.25159881589584676,-2.230323291950751,-0.9453385637505174,-0.23820844492879753,5.905020457766352
-1.368390528497647,-0.16189624164466104,0.3972853807699398,0.7445984515586193,-0.5105387288544838,0.09270841457200923,-0.9711051477277072,0.23538913912527876,-2.112988980056266,-0.9064946932032802,-0.2710551419195255,5.85687693523573
-1.269916723049996,-0.14508157737855504,0.3590195655612208,0.7278612879935745,-0.4505375003088211,0.11188007252689933,-0.9108971574887752,0.21393798818266574,-1.9977780110435703,-0.8729428653721296,-0.3036804622643585,5.825674556959208
-1.1710123361517089,-0.1312662031009608,0.3417163791663258,0.7141042080059874,-0.39931225365602363,0.12056081286935039,-0.829295956985383,0.210450176065365,-1.8851165441576963,-0.8453704111069482,-0.3334521751726388,5.810709127551192
-1.0716680655964834,-0.12073399540521836,0.34976557881220993,0.703606779449155,-0.3589134324797692,0.11655360261586334,-0.7219024867842735,0.2290315834069916,-1.7752748450456384,-0.8243407748543733,-0.3498900827655323,5.804857651436873
-0.9720665981563774,-0.11368249236235897,0.35672867240783035,0.6965733193630804,-0.31611097560056367,0.11308107729644556,-0.6153379257485471,0.24304618004547138,-1.668639917519458,-0.8102558117254394,-0.35639644077277266,5.802617506163246
-0.8722443687706032,-0.11013928383940413,0.36023452541379963,0.6930322954220259,-0.26972329938118844,0.11132924308441111,-0.5120098433568036,0.2500952415743955,-1.5652766641926292,-0.80317157926143,-0.32455353009394167,5.800376495730181
-0.7723810908774713,-0.10983311579747727,0.36052939957548796,0.6767405380119186,-0.22808497622052035,0.10318901131947669,-0.41185169130198335,0.2506962837780107,-1.4491216288893898,-0.7865736538093958,-0.29042214572212455,5.816721871950449
-0.6725394324002396,-0.11241601758731548,0.35795144923078925,0.6545266545787186,-0.18798211352615513,0.09207959388030695,-0.31458798316945036,0.24553543164347377,-1.3270660869789581,-0.7669426721660341,-0.24866255140112936,5.851698368770846
-0.5727885581043505,-0.1174778215419423,0.35290064747090116,0.6496144709389488,-0.13803736731815144,0.08961800096305264,-0.2198879106334493,0.23542282592895886,-1.2224030290432992,-0.7670922924808911,-0.2066914063425158,5.908651043018587
-0.4731729724956281,-0.12459614808984099,0.34579196646384475,0.6567345285672185,-0.0811152051961272,0.09317320700676637,-0.12738100603178337,0.22119581837400376,-1.1299075010628465,-0.7813306766570595,-0.16391711281617125,5.986724548315945
-0.3736695979254789,-0.13334587669502873,0.3403481474081528,0.6654881539487253,-0.024264795692453184,0.09589706492277189,-0.0333214505173261,0.20700227071312405,-1.0391577518742041,-0.798834030643754,-0.12052131243911628,5.988549535376981
-0.27430065120456687,-0.1432889594603536,0.3567384876741036,0.663733385309897,0.01634712321561327,0.08185296908771991,0.08243783646953673,0.21344952821375,-0.9380340365144639,-0.8070223447702506,-0.07537530421217398,5.857432261630829
-0.1749815453153141,-0.1539829105202934,0.3688551143888883,0.6516997408458088,0.05393154057080324,0.06443085796831358,0.1938735690735742,0.2148722038685949,-0.8266812861611229,-0.8056826513661022,-0.030111931654811883,5.6927209578171984
-0.07572684310742722,-0.16497166348779935,0.3870393191507032,0.6540069665754643,0.0956204021586669,0.05099799196848087,0.311312476043276,0.22206765566290387,-0.7297338096828916,-0.8189786300632637,0.01558378704672084,5.493660772065456
0.02358120683777831,-0.17581005643425665,0.40004465808235196,0.6577807470603168,0.14065864790787155,0.040963016271854086,0.42362586492013027,0.2242346016480953,-0.6341995402225384,-0.8335908034945734,0.06112996840439457,5.301378177630438
0.12291346849150521,-0.1860378941410575,0.42144742904162674,0.668006367181274,0.18473620331557625,0.03026052199929488,0.544360897533132,0.23540953490056923,-0.5450928986897688,-0.8540442613223316,0.10661628090064917,5.123098872923111
0.22239332729247555,-0.19521174246451908,0.422829352263162,0.6514512862799972,0.22550763065465534,0.01670509577615803,0.6452226795556375,0.2276176097986429,-0.42905795898752164,-0.8466630287445163,0.15185751894253444,4.957366956090521
0.32195322657554004,-0.20287217862277848,0.42656221860670535,0.6394420645791495,0.2674165362739921,0.005003833674832842,0.7485154451822453,0.22369003998392686,-0.3174888380036095,-0.842314243201928,0.1970317217934592,4.80296317494448
0.42169599207455105,-0.20857516201155774,0.45468576650823006,0.6409541229698348,0.30398217426807794,-0.011153402774976506,0.8763817585827811,0.24611060449667232,-0.21925813089528373,-0.8495292849813925,0.2419248718186091,4.658689442787782
0.5214931982655042,-0.21186475086420942,0.45654244871522975,0.6442424597087995,0.35459660462953696,-0.012082369935319859,0.978035646980734,0.24467769785102034,-0.12274926144329523,-0.8561072105730089,0.2868611702156004,4.523607443908142
0.6214010005958944,-0.21229438432288505,0.4708383727115237,0.6446766768396651,0.3976196523620179,-0.019228040097371807,1.092239373307418,0.2585439883886386,-0.023275676243770693,-0.8569710611625502,0.33155967016686333,4.396736924570956
0.7212091224027182,-0.20941714651681623,0.5078275551313709,0.6418026059482832,0.4275920866098153,-0.03772104784995195,1.229036677534089,0.2984104086145547,0.07940651645443497,-0.8512197524650994,0.37650355394026735,4.277390056870359
0.8208992938446101,-0.20278523427654857,0.5166994124286863,0.6050974206965193,0.45464865105622154,-0.057193613004357824,1.3375987062732966,0.31391417815213774,0.21580187314809085,-0.8078826549730679,0.42143157929499014,4.164826063603638
0.9201614937698949,-0.19196981008491937,0.52743557818102,0.5766909632738471,0.484708439431361,-0.07135721249604618,1.447597071950915,0.3354657680961007,0.3434705304960478,-0.7686607733587665,0.46701568443557967,4.058652221124129
1.0188699857222345,-0.17652763339932256,0.5427537832212986,0.5600940519144284,0.5181051272076822,-0.07959368235309638,1.5616237689435333,0.3662261498219761,0.4587759338078061,-0.7366216853137509,0.5130374947842423,3.958442307169691
1.1166024720413852,-0.1560595699859991,0.5630367165375146,0.5395305187162618,0.5465481371100662,-0.08978288390362599,1.6796391885789,0.4069771465515155,0.5770719533251234,-0.6955900887022609,0.5603233789879388,3.864184655724819
1.2130859544285442,-0.1301417239969302,0.5887152991192951,0.5134410810737915,0.5689058681915202,-0.1027079710212169,1.8018012535478394,0.4585735751223649,0.6996448733547527,-0.6435828050707217,0.6087823627444637,3.7759300955374058
1.307777237891372,-0.09841808736239141,0.6201563596392354,0.4814415780055264,0.5845312281288314,-0.11856643449805021,1.9279335975306073,0.521738272276844,0.8263356598858456,-0.5798596653679178,0.6595238856400572,3.6943268787200534
1.4001957527959674,-0.06051779201639179,0.6577737703680362,0.45962650619394957,0.6010242443109404,-0.1293325280952392,2.0579695231640036,0.5972559783516445,0.9405692466020179,-0.5201442982103414,0.7128823990077005,3.6204071699060822
1.4896774916526616,-0.01613570665951455,0.6965483255645992,0.45190131741574846,0.6225152417519054,-0.13039135740418265,2.186225817217261,0.6804126189050846,1.0377761742369132,-0.468037024075263,0.7699209825572936,3.5560209435241554
1.5754676720132823,0.03498595939092838,0.704658795263539,0.432175834806449,0.6514923557780962,-0.11874850053308084,2.2801264672768213,0.7396447546544674,1.1432918372068333,-0.39718987541552064,0.8314026194125981,3.5039658392446382
1.656773472849332,0.09309743990444602,0.7344202635524114,0.41169091486880616,0.6670220620828633,-0.11481595438957964,2.3911937364017435,0.8275177034568575,1.2450825579805258,-0.31859347496436013,0.899977857679527,3.46915007398949
1.732421598629402,0.15818936450648988,0.7690313033610314,0.40599765727075604,0.6846939762695634,-0.10242214079189277,2.5014529019904335,0.9272206678675213,1.326423941358646,-0.24780829276426616,0.9635216409880314,3.4530642691129665
1.8016374666600776,0.23035586002629294,0.7964666067488576,0.37906886968228853,0.6921198647967544,-0.09352093852013804,2.598104073408935,1.0268224667751507,1.422568596977789,-0.1487130096559956,0.976260859813309,3.4384762083069775
1.8633185323863208,0.30871161528214647,0.825684982228767,0.3568957573971484,0.697264653777351,-0.08003880477473607,2.689003514615088,1.1343965975109134,1.5064227749891725,-0.04818414211500194,0.9980527956024707,3.429561868080663
1.9170602818523295,0.3930466940610692,0.8689418142327527,0.35206533214662983,0.7000918998831032,-0.061914894012526867,2.786002096085082,1.2619885082938218,1.5649949497056996,0.04098136191443935,1.0058717220557016,3.42174193732704
1.9619111680574564,0.48204029124101294,0.9201175183277948,0.35900872039369847,0.70040118506168,-0.0395342533465417,2.882028686385251,1.4021578095688076,1.602902447663758,0.12303157084731448,1.0187192202682505,3.4174270892794594
1.9975989356321915,0.5753744164173105,0.9758947239664535,0.3474531600427135,0.6845786858542257,-0.026533573753214745,2.973493659598645,1.551269140383764,1.650145775589478,0.22792125637459698,1.0242152270116236,3.4143590948798512
2.023510015522132,0.6716485907257894,1.032063873028591,0.344980006793593,0.6682130746435669,-0.007717637754604323,3.0555738885507226,1.7037124637543803,1.678530008728539,0.32666858393219644,1.0301444266613657,3.413041463880413
2.039430913774854,0.7702121650336228,1.0835264490705794,0.3607762099212967,0.6583403373127856,0.02373096294217003,3.1229573628454332,1.853738614104202,1.678654703853557,0.40943595511232606,1.0298843042161254,3.4117233240028635
2.045142493289991,0.8698188374140503,1.1492023429475695,0.3664124864290171,0.6311763183857192,0.04351449044774891,3.19434483623756,2.01902118036162,1.6787300068609738,0.5034063509850333,1.0300552906525366,3.41076576672733
2.040603475935046,0.9695027859465838,1.1841086427226424,0.3619030627711159,0.6091989479917597,0.07364860299752862,3.2247121186576884,2.153611428669226,1.67870041316393,0.607599723175468,1.0249706693005987,3.4099474972210175
2.0258915292212527,1.0682686637664873,1.1429105114275186,0.34719208657897666,0.6150865521863553,0.13627511945897264,3.1688020406487714,2.211179175194006,1.678699442642276,0.7210765771875107,1.0087770396139104,3.411029792095928
2.001341551521656,1.165018142081823,1.063443627133394,0.35062310523032564,0.6442605148092937,0.22609881008937738,3.06478517865505,2.228461769215217,1.6507184462913302,0.8143950368514974,0.9726841221174248,3.4174008102406925
1.9674981943926497,1.2589736986466946,0.9801325677026009,0.3715538870420493,0.6794597568660491,0.32519750899307154,2.9476307620952507,2.2391062663492955,1.5959443073506003,0.8874198116046453,0.933271030894124,3.434754228667566
1.9251033046806714,1.3493149141312046,0.8971246564322911,0.3805064645940394,0.7042425564212098,0.4163483611464765,2.8222279611129624,2.2464395705634956,1.544596840086632,0.9688084495371652,0.8690378674714588,3.462099798445417
1.874968760408356,1.4357507598014234,0.823606585720885,0.3873213667062401,0.7193417706968557,0.49973277039338926,2.6985753461292408,2.259357345522308,1.487647393702116,1.0484293930951833,0.8036333620373556,3.5061699862690214
1.8180890847650615,1.5178402175491952,0.7625907464954744,0.41117395462189593,0.7333361464457414,0.5832117128378084,2.580679831260536,2.28043096404467,1.4069151301431655,1.1066662629272992,0.7400528793675042,3.5647426057248115
1.7552525421840226,1.5955436845710815,0.7028718645800259,0.4404251239328612,0.746402900768429,0.6665484719619585,2.4581244067640484,2.2984155491511076,1.3148274182511615,1.1551185606382204,0.6890605389573339,3.63540129073059
1.6872750076552303,1.6686809552673147,0.6512668717387884,0.47258215196126846,0.7542951439388552,0.7449981177448974,2.3385418793940187,2.319947827006103,1.2146928556939618,1.1960988033060462,0.6399734016953083,3.712669737224014
1.6147541753103185,1.7373346615141323,0.6051777139845537,0.5167969557483773,0.7631867085370712,0.824476951638978,2.2199318892948723,2.342512375498686,1.0979572195619411,1.220537705765755,0.5947305207193923,3.7958216514500496
1.5382756862410025,1.801564006927558,0.5630617209035994,0.5704770059579871,0.7728454856476952,0.904489645990973,2.101337407144602,2.3646257278311573,0.9677986802830154,1.231087000969571,0.5561957341020456,3.883623020891858
1.4583290770791182,1.8614587391141961,0.5281851428297094,0.6313517699868426,0.7807478521181257,0.9823126831356646,1.9865142199088277,2.3896438819439054,0.8269773070922756,1.2301069691273536,0.5184338274194028,3.9739489024890546
1.3754069767922033,1.9171243292204414,0.49575865218443343,0.6858865797324453,0.7827674521701076,1.0536261283842265,1.8711656289766367,2.412882981404875,0.689520397059758,1.2312377494879962,0.4783112494591962,4.067153178601988
1.2899144761474373,1.9687687730194914,0.4683990407013112,0.7370082362486676,0.7792618358473967,1.1186889842834238,1.7583135168487485,2.4371678137208024,0.5529062398987696,1.2317605367708238,0.4390390402065088,4.164803342735581
1.2022402788510216,2.0166152364337693,0.4304270014928746,0.7846700241476886,0.7782416507529177,1.1854291295442916,1.6326672803438962,2.447042237926644,0.417570254703333,1.2319452122860808,0.39983872203894594,4.26709390422321
1.112724325655957,2.060922626214608,0.4126119530511721,0.8289764627132911,0.764544417659038,1.2386435679383634,1.525336278707129,2.47353457926578,0.28374786294266585,1.2319461635013167,0.36108775078344996,4.374570568874359
1.0216680825105373,2.101973954406187,0.41549205679406886,0.8701220389623697,0.7381490323394191,1.2783019682872439,1.437160139304606,2.517466011200256,0.15154604354816759,1.2318519154438174,0.3218605801438707,4.487636739304506
0.929343163747668,2.1400753179334435,0.4002108529053717,0.9083628108907321,0.7187475608665143,1.324113637959402,1.3295540166530397,2.540286170838815,0.02098035285693589,1.2317125070427113,0.28281765991409197,4.607131511481072
0.835972883411279,2.1755561990135974,0.3802825121737211,0.9171496652614044,0.6864200182494811,1.3562116760506404,1.2162553955850002,2.5558387111873184,-0.08117678185012545,1.258406533752193,0.2435812923513053,4.733631924037426
0.7417724276130503,2.208753179878832,0.3733524142244562,0.9238706956837331,0.6461453545361636,1.3796357306690545,1.1151248418375066,2.582105594103288,-0.18209826807068286,1.2848824841950988,0.20416896663597056,4.867940206604389
0.646908602874956,2.2400246817092015,0.3522258776533634,0.9269611333034958,0.6108219292625442,1.4073799686796669,0.9991344805283193,2.592250559362565,-0.28005253042853984,1.3130635484057058,0.16427967485567402,4.999495144323575
0.5515539392391275,2.2697321569190363,0.36033147284621025,0.9113857991648447,0.551304132778881,1.4103932416188354,0.9118854120853378,2.6300636297652464,-0.3598318599257172,1.3583463577541917,0.1254688017970578,5.126251704340192
0.4558268478143711,2.298244037258207,0.3473656753311508,0.9053575570223108,0.5069093647527656,1.4281179594746836,0.8031925231455219,2.645609712589358,-0.4495307092079397,1.3928864802358962,0.08793544570986306,5.248605890252056
0.35985953668349124,2.3259084362280693,0.3614948179830819,0.9026683947073391,0.45051655670387414,1.4335410064761631,0.7213543546665732,2.6874032542111514,-0.5428088580238478,1.4232400415207302,0.061132438732668624,5.366902230037411
0.26371585344745296,2.352982207932379,0.3535407925943372,0.886564787703431,0.39836992427827334,1.4430031015207365,0.6172566460417901,2.7065230005267162,-0.622848934255978,1.4664174202289484,0.0474031148143689,5.481442684497023
0.16744729380687937,2.3795989327476854,0.35335301291986854,0.8810800613107539,0.3475871710988824,1.4536629905692855,0.5208003067267479,2.732951945667554,-0.7136327675038745,1.4985188714369315,0.036162035320041135,5.592493666265736
0.07107970832387324,2.405867305668521,0.34844992217840054,0.8865222518230879,0.3045760189842803,1.4719698176566043,0.41952963050227376,2.7543172278469212,-0.8154425434992146,1.519345053845433,0.027805439527681036,5.700291637271203
-0.025358799812415306,2.4318668281009543,0.35237939514073435,0.8957200770064628,0.2589909410266566,1.4876037549833414,0.32702059532831906,2.7842462232416887,-0.9210788768188781,1.5361467510944915,0.02113520798079852,5.805047621458123
-0.12185321215461721,2.457662177158378,0.35187614064854317,0.9019201658206482,0.2140954065087439,1.5038531011652414,0.23002292849392597,2.8095383178069215,-1.0237733779752654,1.55574201133773,0.016305720496528713,5.906950879155615
-0.21838884207139014,2.483299627175786,0.352805166094384,0.9007184889278302,0.16476224038102807,1.515606475004616,0.13441632402299386,2.83610479327017,-1.1191073309992203,1.582581138247956,0.012761075225840154,6.006171925939707
-0.3149586115956499,2.5088138247977185,0.35646626443406704,0.8875800816494958,0.10807760280988943,1.5199638210065736,0.04150765283841712,2.865280089231786,-1.2025386932451456,1.6212337431482227,0.010549833521629814,6.102865033498853
-0.41155532249428906,2.5342262787564636,0.35430177940520535,0.8854773392927751,0.059810118696640324,1.5327009193220167,-0.0572535430890837,2.888528058161669,-1.297032661787064,1.6487489394636885,0.008332880241191467,6.197170317166449
-0.5081729215465299,2.5595582673371133,0.3619506745221115,0.8945099635824326,0.012193183756895598,1.5460587781987174,-0.14622224702441844,2.9215089418592246,-1.4026828851289626,1.6650483037546806,0.006110036956358138,6.2892154906726185
-0.6048060357458381,2.58483130485317,0.36037347262690045,0.8962587278641022,-0.034460390254318185,1.560358280045186,-0.24443256311893768,2.9452047774800705,-1.5010647636099403,1.6885725769890678,0.003888978903191512,6.379117350746827
-0.7014488671158028,2.6100667791867678,0.3718477084114405,0.8961325846310741,-0.08858199544808457,1.5671758277032009,-0.3296011587043623,2.981914487598208,-1.597581451746877,1.7139341945556936,0.0016695706829782068,6.466983040730728
-0.7980960712888706,2.635286180235822,0.3597423125234158,0.8990756786816577,-0.12938135256531436,1.587309773197032,-0.4383537587654548,2.995028492759238,-1.6971717499705283,1.7362105015541642,-0.0005499210693257002,6.552911132125687
-0.8947416900234288,2.6605108378662434,0.3716978821696399,0.900401750005659,-0.18301891109370486,1.5946073528511313,-0.5230438078537889,3.032208720035883,-1.7951434400290878,1.7601090878605845,-0.0027695287837766463,6.636992555147081
-0.9913805115192916,2.685762278170727,0.3633094656922758,0.912750002214622,-0.22096998749847271,1.6176014073465366,-0.6280710458270158,3.049071743863003,-1.9041305137339135,1.7730122759561049,-0.004989681154751853,6.71931140327828
-1.0880064964511915,2.7110618163325504,0.37192756764182755,0.9318007309254359,-0.2640666665837916,1.6354674898080794,-0.716078928809364,3.082989383974378,-2.0198072273766274,1.7792610854071145,-0.007210307837751149,6.799945632070281
-1.184614601472974,2.736431030903686,0.3671861163843721,0.9391591972578589,-0.30632076029974353,1.6542020558885864,-0.8174284850886018,3.103617147288058,-2.123773798730833,1.7972718336458269,-0.009426883490313663,6.878967668697066
-1.2811984166627308,2.761891103780165,0.3724058916763292,0.9428202528793406,-0.3553920277298597,1.666152732491588,-0.9087925249864016,3.134296995456494,-2.2240186695420716,1.8190708509008242,-0.011640494846880373,6.956444945814277
-1.3777530114835186,2.7874635906678153,0.36249176019456664,0.9376237362795158,-0.4013105176992847,1.6812977833763822,-1.015261251288952,3.149955350862382,-2.3153767477630343,1.8498398543882995,-0.013881162104809526,7.032440370903372
-1.4742714943940005,2.813169782147689,0.36260669230709935,0.9431752693456473,-0.44685145867772624,1.6968691795931186,-1.111664802086901,3.1757764744547883,-2.417446763739648,1.8699945128020419,-0.016141928023620834,7.107012740382032
-1.5707479134546047,2.8390313867923833,0.3474085113129146,0.9472019236619675,-0.4854772505527759,1.719412399570718,-1.2233394021416901,3.1864398981052977,-2.5179498371165723,1.8918294631304158,-0.018338269016973982,7.180217106223845
-1.6671771912863338,2.8650697523624635,0.3505219408445388,0.9348947213488608,-0.5414022053910059,1.7247212664333929,-1.316655250441795,3.2155916932070023,-2.6020719126351946,1.9301750310136028,-0.02048781667018331,7.252105101579198
-1.7635523119934495,2.891303324827897,0.3469337149785526,0.9333786875587797,-0.5885536697066112,1.738874148704062,-1.416618597014897,3.23823703980645,-2.6969309995522295,1.9579246372691175,-0.01962893750797166,7.322725230865862
-1.8598777535782771,2.917725792592343,0.35354228625324907,0.9426987653515384,-0.6353606372399939,1.7534411358453161,-1.506335467325028,3.2712680788455923,-2.8025765189298157,1.9750270272408048,-0.0167902540729145,7.392123128956087
-1.9561579876151476,2.9443088104134816,0.3536706983947195,0.944679276265524,-0.6825747048721715,1.767658694142143,-1.602487289220428,3.297979508808201,-2.9008372638806716,1.9996295341479575,-0.012815207910232718,7.460341793391322
-2.0524054847899618,2.9710152505129606,0.36096696930530575,0.9555018486483646,-0.7289353027234514,1.7827750649280096,-1.691438515484656,3.3319822198182663,-3.007907333438326,2.015513401864596,-0.008136769807099258,7.527421792978062
-2.1486301976497333,2.997799626897481,0.3467030604978116,0.9585141134912084,-0.7684095723281682,1.8048053399454391,-1.8019271371519217,3.3445026873952926,-3.107144311140942,2.0392855134062726,-0.003477445073330794,7.5934014556363705
-2.244846519735289,3.0246176834410443,0.36060809529939186,0.9609490318436099,-0.8222527915955355,1.812479309992631,-1.884238424435897,3.3852257787404363,-3.2057955515788987,2.0636686515974345,0.0011704970480376094,7.6583170379689545
-2.3410646654169676,3.0514241407725833,0.3603316207513779,0.958067680031095,-0.8716643030686253,1.8245801000261501,-1.9807330446655897,3.411755761523961,-3.2991323454480623,2.0933564607414885,0.005797776609989029,7.722202878679025
-2.4372997435986394,3.078175272967828,0.3545151089921004,0.9618969184824592,-0.9149589670541403,1.8427785412290933,-2.082784634606539,3.432690381959928,-3.3991966620810987,2.1162783544853685,0.010413106118858883,7.78509153767844
-2.5335603239333553,3.10482552339083,0.34809936048677337,0.9758847769626927,-0.952887453728718,1.866305469933375,-2.185460963446582,3.4529248838776034,-3.509445100896048,2.1289407464281376,0.01522376564340273,7.84701392248444
-2.6298638888894574,3.1313300593017814,0.35248520351714097,0.9840726325667847,-0.999138229919907,1.8814587441757127,-2.2773786853723164,3.4838152628189225,-3.613936521456242,2.147257426734997,0.02013355879571778,7.878553259363682
-2.726218037115846,3.1576376904033427,0.3503281489702254,0.9866654009768424,-1.0449403925546146,1.89698747120498,-2.375889888145621,3.507965839373568,-3.7128834380926885,2.1709722894265004,0.02825020250363498,7.743804592115314
-2.8226499549572965,3.183674105827834,0.3518166413152314,0.9827624864877873,-1.0958520548923703,1.907309975500195,-2.470833313642065,3.5354907471430654,-3.8054124414450836,2.2009116193400464,0.037927171555960364,7.613390400831466
-2.9191766817602924,3.2093433157263247,0.35421215880740736,0.9834743173813524,-1.1449572615931736,1.919302737150135,-2.5649645229528852,3.563555474533732,-3.902650999141645,2.225868998344972,0.0486886065849734,7.487894016787524
-3.0158306522323164,3.23454363852851,0.35321072637215845,0.9801285075995869,-1.194456435502444,1.930730709877969,-2.6626199258601577,3.5877543649006682,-3.9959591598319033,2.254415130928923,0.05994807094344781,7.367460179451577
-3.1126295871807796,3.2591639947047284,0.3604996471516171,0.9785352313327269,-1.2472970014998348,1.9385997894429192,-2.7521299400291626,3.6196636418563455,-4.091164818513507,2.2806287633720013,0.07085771899791682,7.251621536816024
-3.2096043776605496,3.283099667821653,0.3575410323922472,0.9753113454456636,-1.2959170323035667,1.9504349904375347,-2.852063345268302,3.6406407002139005,-4.184915723106213,2.3077883223759894,0.08161224005218233,7.140070164267243
-3.3067666270134524,3.306243406493018,0.3444056314304879,0.9709715206455382,-1.340100368899201,1.966404647854034,-2.9623609955829644,3.650649037923506,-4.27773814765899,2.33527188584748,0.09188938899802139,7.032282134650241
-3.4041419246318063,3.328495505380864,0.3593652329559487,0.9674525088305173,-1.3980273243786188,1.9682913906277164,-3.0447766916758576,3.6878607383368127,-4.371594433462324,2.3610429965503466,0.10198139995306957,6.927953144986633
-3.501735754883746,3.349753900374202,0.376812060203249,0.9732050122988998,-1.4526714013940478,1.9730734262349263,-3.124923694680497,3.7265659605774513,-4.474940767182646,2.3765488880753023,0.11207665844986271,6.826919572132746
-3.5995636858771967,3.3699188930971533,0.3621798807526249,0.9798020968672274,-1.490970734881297,1.9937705546058777,-3.237383805124572,3.732098773849778,-4.579365782744424,2.390116796229926,0.12219724385102473,6.729040776025403
-3.6976294793041484,3.3888882213679117,0.35967707258065573,0.9746861280861694,-1.5413102118993174,2.001948638436713,-3.3379524067234927,3.7485652939485674,-4.672315607390318,2.4142020932817423,0.13227111421053342,6.634134395732429
-3.79593665690256,3.406560158415729,0.37699443828467644,0.9620300842496381,-1.6054505054687993,1.9957979021903454,-3.4189422186178837,3.783554596700405,-4.757966741152198,2.4445300741660905,0.14235704942813107,6.542064075502
-3.894487009457445,3.422832834105664,0.3811349956027685,0.9556106961520596,-1.6600056544540769,1.9986542673274776,-3.5133520138546763,3.8039678297084327,-4.850097705609505,2.4672221379536046,0.15241779423871993,6.4526747304819745
-3.993270198130539,3.437602771249712,0.3969524164681603,0.9387841607645895,-1.7257192269170547,1.9897172577730706,-3.596317781662379,3.8345551877178723,-4.932054358895129,2.498818610485123,0.16251903542169366,6.365859639035644
-4.092285439309968,3.4507680159682224,0.4075972499230995,0.9306861976760756,-1.7845982457784961,1.9869284818605994,-3.684688189386869,3.858365265891322,-5.022971636986044,2.5200818182921467,0.1725864386149144,6.281468976705711
-4.191505363021748,3.462223557778106,0.43148726009718014,0.9315517215301282,-1.8457204507943998,1.981144009605527,-3.760018102924568,3.893710817875286,-5.123057084551876,2.530671836247978,0.1827119082142318,6.19941596980251
-4.290927540186215,3.4718674955004842,0.4486314168628878,0.9094549382998502,-1.9150520093746262,1.9663455084687231,-3.842296123323327,3.9204989123633722,-5.200382478486065,2.562412557200634,0.19281028435594916,6.119564207046263
-4.390504555169244,3.4795939584913307,0.4601326449366338,0.8863472417912421,-1.9821449791573178,1.9529042776729697,-3.9303719102326102,3.9397266034279643,-5.276851796960486,2.5932467167000883,0.2029956446403467,6.0418520368447375
-4.490232887275475,3.4853008186672763,0.4830384618440084,0.8529950050380933,-2.060138172040695,1.9276286809306804,-4.007194425431467,3.9683392805112847,-5.3432278923135685,2.632305813629183,0.21317232326098584,5.966162466709477
-4.5900416587066655,3.4888822833466326,0.5040379921522273,0.8283003603690795,-2.132889645244907,1.9065723257817426,-4.086003666554438,3.99292027549886,-5.4183420190757445,2.660581922977553,0.2234741901125268,5.892463435333234
-4.689926438191645,3.4902354824846626,0.5158830398854932,0.8127938488753252,-2.1965078146009063,1.8935731457372473,-4.174043398306152,4.006118522370156,-5.502720287066969,2.6774416336093374,0.23374543408461565,5.820632384376582
-4.789791014857324,3.48925655960462,0.546796251595129,0.7844011830248674,-2.2760930417137932,1.8634307455171792,-4.242994763262195,4.036052811199749,-5.574192197882192,2.7048553765797525,0.2441604687880571,5.750653593956575
-4.889630379931406,3.4858415897662587,0.5906312851485767,0.7656156516856402,-2.3573230066971713,1.830412978151661,-4.298999094782829,4.076472874914836,-5.655246031617046,2.7202259380806186,0.2547176344073068,5.682514998079331
-4.989317839622976,3.4798895922439046,0.6193916664996068,0.7379309030697235,-2.43538930152643,1.7992144144070106,-4.369926173123369,4.0992812587435115,-5.7272487426927,2.741958689174181,0.26553457566173594,5.6162792875524294
-5.088847655950087,3.4712932211915617,0.6472096079108298,0.7045434088558784,-2.515756927502519,1.7643135110683053,-4.441638048039257,4.1185028291023915,-5.793391064805965,2.766749812335683,0.27617050730406517,5.5517593049483525
-5.188062668582183,3.4599592876657055,0.6751454005438149,0.6795832031873887,-2.5918124329693044,1.7321985451546396,-4.512917268038368,4.135104688209521,-5.867645871769572,2.7803760844783167,0.2869833241842226,5.488974541010728
-5.2869555463915106,3.44577952533615,0.7054991914368474,0.6654991696572188,-2.6634777840855697,1.7028897517782609,-4.581456354954663,4.151278716772998,-5.952454716048729,2.780280355678931,0.2983941291048565,5.428193887987588
-5.38533379403271,3.4286670617873787,0.7506296481356056,0.648534260860599,-2.7437145906538585,1.6632858372561858,-4.634704145897104,4.179296709922984,-6.033868054893309,2.7801328009267796,0.31027081499646897,5.369631156943025
-5.483184868145338,3.408506352224444,0.79435373182842,0.6284712536607772,-2.8245336731564907,1.6213119370284006,-4.688831136316918,4.202860084052864,-6.111656121806115,2.780035098563667,0.320462799378197,5.312302986173934
-5.580286410623749,3.3852371219011754,0.8438696195005846,0.6050649366157078,-2.909545546754313,1.5732162195081494,-4.7364167911231645,4.22910674140176,-6.1853513472394575,2.7801721852854677,0.3306877413544593,5.256147210791491
-5.67661661838219,3.358754526461513,0.888209608895181,0.5783977714009679,-2.9932142279382017,1.5244713444836497,-4.788407009487009,4.246964135356694,-6.255014389783158,2.780356755060545,0.34519391206944466,5.203469352899776
-5.771925263618439,3.3289827145382014,0.9329291724066444,0.5483807820741927,-3.078236826975445,1.4722171621028748,-4.838996091211794,4.261911886944846,-6.320306045692631,2.7806019324640086,0.36057519521253867,5.1548430565901295
-5.8661707388345965,3.2957828759800747,0.9887334687097833,0.5148840412513287,-3.1700100831465257,1.41096672426081,-4.877437270124814,4.284516344689858,-6.381054780085925,2.780898834728746,0.3696894425157954,5.106976093308509
-5.959044201783957,3.259157658653284,1.0537874693330256,0.4719184833545007,-3.270456593881241,1.3386443363373797,-4.9052567324509315,4.31294512798631,-6.430962685138458,2.787239175298783,0.37938336458376404,5.060115542535181
-6.050479137959656,3.2190183671713615,1.1184472041727025,0.4207931209799474,-3.3740666105762056,1.2606821419893033,-4.932031933786954,4.3374655713440635,-6.471272258939604,2.798225246191414,0.3989192737026191,5.019561743922302
-6.140270977128346,3.175257133925615,1.1739720762621206,0.37651859028173174,-3.4688622315543673,1.188901823972613,-4.966298900866226,4.349229210187735,-6.516789567410078,2.798738543643883,0.416680820426385,4.984769396863065
-6.228203087254169,3.1277514297904085,1.235007690836294,0.3513908898445127,-3.555909944122975,1.1220673143993136,-4.993195396417875,4.362759120626702,-6.579593977098682,2.776360539945896,0.4484971844047379,4.9637935037502015
-6.313800972756561,3.0764195147273954,1.3014530544962464,0.34933035550199754,-3.6329618358754048,1.0621484078665735,-5.012347918260315,4.3778725692236415,-6.663131328258559,2.7270891592253976,0.4874040057528133,4.961877932477936
-6.396948379922699,3.0210298173733285,1.3008767676229671,0.37044060153194974,-3.663692273006858,1.0452968256411557,-5.096071612299731,4.321906584996295,-6.767388981454649,2.6505892158413786,0.4524676002519297,4.959961621398933
-6.477449167944927,2.9619900817740863,1.2370712282050453,0.38185705994763014,-3.6663316681011713,1.0533879567583355,-5.240377939739882,4.199061309979132,-6.859306227892557,2.580133021826456,0.4152167988614124,4.975516755565356
-6.555330147557675,2.8996107314173143,1.178174293753963,0.4011013160594726,-3.6662015626260827,1.061268876861412,-5.377155853803712,4.077785025171277,-6.956431463617148,2.4985094153578418,0.4490585821333729,5.008038071643689
-6.630482790387619,2.83367136191298,1.1127587204903793,0.43076664727585573,-3.6562374318010713,1.0758396443492282,-5.517724069897239,3.946430082403359,-7.0612494376634745,2.402904714637124,0.47695013348533344,5.015960821794457
-6.7024509866021305,2.7643301047684723,1.0567042851384991,0.46418130178588374,-3.6474869849773732,1.0859035607079286,-5.645746701463631,3.8210343899069716,-7.166632288388014,2.3001488029825885,0.4307142500473377,5.014023623534957
-6.771293280646735,2.692029741149816,1.0113880469546868,0.5115075155758336,-3.635586906012794,1.0960746048854815,-5.759905233692049,3.7034177881045025,-7.282800796222569,2.1805222255739825,0.39836657081111737,5.035382397268339
-6.837183417389385,2.616963384635189,0.9780613075801139,0.5479974222105191,-3.6336236513794895,1.0934497496327973,-5.859122109809271,3.5950246922153033,-7.385180839599904,2.06896596242467,0.42200754974112453,5.035969312643348
-6.899820706225546,2.5392365050772545,0.9444573814101058,0.5549099072511574,-3.6446840901922473,1.0748445154591528,-5.95536332481544,3.4836938864873606,-7.454730613476703,1.984326597826097,0.43492434275542197,5.012738603558336
-6.959066262034327,2.45885011937524,0.910376655012494,0.5751115461313586,-3.6471656854577312,1.0617925052470523,-6.048689607021832,3.3692267743877338,-7.534177808165685,1.8837385732438814,0.42575101657038944,4.990015374708451
-7.014875611928856,2.3759563666924124,0.8774879793345871,0.6073252981805239,-3.6425191465414595,1.0528968427691745,-6.137387632594269,3.2534443460269995,-7.62220091010938,1.7686310685118884,0.4234375680857728,4.960337588576676
-7.067097615604048,2.29081323226735,0.8519779667581889,0.6497007877356316,-3.6346873973133027,1.0442680266223963,-6.215119648845859,3.1427911990255386,-7.71679840333968,1.6411124445317182,0.42877337341460803,4.9264843621066055
-7.115612014552179,2.203541348237143,0.8265956237150507,0.683397944788745,-3.629404846739242,1.0301718346554187,-6.289016390837128,3.030136971952194,-7.799009959340924,1.520143403448398,0.43219535979157364,4.892268562808998
-7.160328725868121,2.1142340382194256,0.8030251657754601,0.693805549892196,-3.6347741708756924,1.0025072111680808,-6.357303560092661,2.9172592039948855,-7.854134275760317,1.4204284883272296,0.43396558875250224,4.856650298807794
-7.201135541321678,2.0230643594684388,0.7919435668687088,0.7113204316599472,-3.64087933826522,0.9712206121298386,-6.409191974452969,2.8150079263371475,-7.9124559729816255,1.3117439278084917,0.43736678591039135,4.818499794822333
-7.237918641708816,1.9302057051525452,0.7882818924548695,0.7305015350624471,-3.6478494995506194,0.9362126738800614,-6.449636749253947,2.7184875976074148,-7.9684201767712635,1.199704170090098,0.4414751660502056,4.778365551046422
-7.270569471518268,1.8358238389031616,0.7758220835088395,0.7327750664435619,-3.656808244291773,0.896388410918942,-6.494747388009428,2.611645922412001,-8.00334453796183,1.1030487724595996,0.4459780173925929,4.736351743179811
-7.298987180655363,1.7400720309164481,0.7761761777926252,0.7396133127061085,-3.66777502287094,0.8517545829149658,-6.5228110028627375,2.516248208709073,-8.038600493361471,1.0004587182103397,0.45114371541334475,4.692381345376127
-7.3230606441352375,1.6431414790140082,0.7675231415325313,0.7313659717169513,-3.6796089069754085,0.8034921545992142,-6.555537502602706,2.4106646205465396,-8.054426615852188,0.9117755072970569,0.45737803720454745,4.6464758152978956
-7.3426822165322605,1.5452084808868185,0.7708311191135101,0.7310994307625647,-3.691206952441603,0.7527383962679366,-6.57185109741875,2.3160396000003285,-8.073781647294826,0.8141090501242538,0.46454659452591746,4.598853264178614
-7.357738129351109,1.4464787810666577,0.791397925711176,0.738861392140681,-3.705137331460802,0.6969711237480813,-6.566340203639933,2.2378767067778336,-8.09659952149179,0.7076173889259767,0.4725937340979777,4.549662847347805
-7.368118339514933,1.347141607245097,0.815537023613546,0.7058321385744768,-3.7389116122770005,0.6187183611030139,-6.552581315901387,2.162678630858643,-8.07395047808941,0.6413094686706202,0.4816395537499324,4.499011375778877
-7.373708181704391,1.247427263071735,0.8291477077966048,0.681134647266872,-3.760860621117062,0.5497071012710011,-6.544560473907786,2.07657497086834,-8.054842828971262,0.5662926158048629,0.4917207360474175,4.44705063004419
-7.374394828333122,1.1475542609903318,0.8541705453827334,0.6656526557663752,-3.78145635897474,0.47951818568698684,-6.520224282950388,2.001724806373065,-8.040047484099498,0.48190160522395653,0.5029410695138906,4.393935147423631
-7.370064876932726,1.047778432539273,0.8942978340130939,0.6545406223896093,-3.8049110442781053,0.40401061045789416,-6.475767042919632,1.942076266552367,-8.024605499322336,0.39323781014966364,0.5153779849441907,4.3398555751509305
-7.360605218481955,0.9483548618323647,0.9409406768194427,0.6441040290896255,-3.828720933105886,0.3257591070512737,-6.419664541662512,1.8892955386518073,-8.004709247571581,0.30425083274273923,0.5292996365002335,4.285416122372546
-7.3459042212747905,0.8495728388793251,0.9978866532237618,0.6293696848309803,-3.857210594833786,0.24052793524327176,-6.348017568051029,1.847459492103087,-7.9752739061057705,0.22020315404834478,0.5446872992933788,4.231034373009515
-7.325851838297627,0.7517365127351685,1.0515520392620066,0.6092329128376995,-3.884085482360967,0.15470869315543068,-6.274299799035621,1.803288551997175,-7.935084751135326,0.14250359989746897,0.5619427264015818,4.177301927431728
-7.300342288223657,0.6551836538934981,1.1085127193710866,0.5835684438162301,-3.912643281889257,0.06511968916932076,-6.191829568852571,1.7636963732645847,-7.883910732039887,0.07161521007726801,0.5813102573444705,4.1249793586608625
-7.2692709452043545,0.5602736589395729,1.1755154677769066,0.5522588246642968,-3.946263794158482,-0.03149149208651847,-6.093755477427448,1.7357891267164796,-7.8215297698686514,0.008014834275276161,0.603009276383897,4.0750193106637065
-7.232544308134784,0.46741474516417914,1.2340323628339884,0.5152141230671047,-3.9756812739508343,-0.1257017473013523,-5.998511945300796,1.7014471079981677,-7.747758431201889,-0.047799377902925544,0.6283004695489252,4.029091579338668
-7.190060873177223,0.377035488409149,1.2453506440321804,0.4723781936388058,-3.981516661785299,-0.19796848099211284,-5.944710229145042,1.6223861324413296,-7.662439066816028,-0.09534270522965677,0.6572837038980899,3.989185215490042
-7.141742816666596,0.2896456942329952,1.1578935832701702,0.4238088359184376,-3.9379137820091645,-0.22221952655936872,-5.983849233396426,1.4475392775031655,-7.565551652585034,-0.1341631416854424,0.688102127726268,3.9568219532948876
-7.08752891007347,0.2057734988501154,1.0765159857113986,0.37975612607689946,-3.8921443848539843,-0.24549318039219187,-6.011012924362071,1.282289484561514,-7.467285036150369,-0.17398262722678406,0.7224689579890989,3.934676730710721
-7.0274259516389455,0.12604421251593934,0.9976942253025102,0.35168429638021453,-3.8367179402806206,-0.2599828582031781,-6.029731726336435,1.1237384378184494,-7.37911024801916,-0.2256400838642752,0.7517550376629223,3.9220796758851115
-6.961494737884539,0.05103302137960945,0.9277704195244817,0.34337729420246244,-3.772943931603279,-0.2666800519712049,-6.033724318360058,0.9788034409040911,-7.304872032087002,-0.29234427282285297,0.7806991074342038,3.9205661110784797
-6.889993325321001,-0.018602142255929068,0.8701286996271016,0.34694546270301746,-3.7065882811225426,-0.27089268959000656,-6.0198646256938995,0.8515265573711726,-7.236938788024018,-0.3655476049589465,0.7604222806651615,3.9190519617227597
-6.81334702545107,-0.08266803723683305,0.8274814854188505,0.35449801784701923,-3.6431652465114506,-0.27782575240433216,-5.985865540032219,0.7448134481820174,-7.167845043298089,-0.4371660550838523,0.7219240464386036,3.9257065504763915
-6.73234255317061,-0.14101511446307644,0.802173502102416,0.36334986151771387,-3.5855830968776563,-0.2899193775238893,-5.9301690510681935,0.6611583876393395,-7.095692414688323,-0.5043649759807903,0.6726732283674836,3.946381542829854
-6.64753784196407,-0.19383008152339468,0.7954817211501827,0.36106224198579895,-3.540978660564227,-0.3141247803438892,-5.852056120813887,0.601651639626788,-7.008600083949869,-0.5548923235091936,0.621555125621181,3.9832539102959217
-6.559668778394899,-0.24124562736977795,0.7767799535941828,0.35499953537837936,-3.490724598305351,-0.3315130227927907,-5.782888824800716,0.5355343262244049,-6.914668313773278,-0.5962451627481573,0.578578554243425,4.03499718677813
-6.469156391735283,-0.2835287575339893,0.7357550721216543,0.3554211898113718,-3.424745137022783,-0.33193131992213587,-5.733401319613629,0.45222631458766493,-6.824577581546655,-0.638949947345361,0.5389230752027667,4.09683242886652
-6.376553148947144,-0.3208658666336786,0.6989488613240489,0.35455429793764764,-3.360473856166773,-0.3326302150100399,-5.677604287623095,0.37808299469037027,-6.731107446884791,-0.6754201645713263,0.4934978457753742,4.16669220140088
-6.282168139390421,-0.3536126146922896,0.6658968957554801,0.35888575778156284,-3.2945896386821696,-0.33031187633310344,-5.616271243634941,0.31228428106319045,-6.641053897171984,-0.7124983724738525,0.44745032400275087,4.2465939606165675
-6.186458418471238,-0.3820964038459833,0.6371988957138138,0.36542077771038134,-3.229118268237335,-0.3269372609247079,-5.549259522757424,0.2551024918678305,-6.55187919618162,-0.7475171815563646,0.4014820091622486,4.336460750221081
-6.08964272623532,-0.40672990082710264,0.6124195288838749,0.3902184075130898,-3.1559219238030525,-0.31446551109894383,-5.477223197351446,0.2056896280567722,-6.47986113374841,-0.7969483083401925,0.35602092365441473,4.43614313172961
-5.99204595749187,-0.4278981852020744,0.5911492010998447,0.41149627551874846,-3.085849441536483,-0.3037755553915853,-5.400896756392025,0.1632510158977703,-6.403542233010619,-0.8393944607208228,0.31074513750857663,4.545519740846861
-5.893809384696373,-0.44603266179813755,0.561568829103045,0.42969551130125466,-3.0128413512490817,-0.2889529897999639,-5.332240555593327,0.1155361673049074,-6.323504895997627,-0.8757281730993922,0.2657589175105657,4.664802649217314
-5.795149369038537,-0.4615494719660252,0.5097600682570801,0.4476142677877406,-2.9286475847539384,-0.26184763621768237,-5.285389300781457,0.0482105962910549,-6.242763636826277,-0.9091637397537657,0.22094832181377483,4.794322166940752
-5.696151409096769,-0.4748878092930464,0.4612324287990473,0.46968622696570334,-2.843848805465057,-0.2332170055631952,-5.234918980297722,-0.013655380493999114,-6.165837636062473,-0.9445740362587498,0.1762834837354873,4.928670831785968
-5.5969475007323295,-0.4864795534810684,0.43251011975994313,0.5039021668414972,-2.7627777268253877,-0.20754375319975715,-5.1644373809723865,-0.05396943372112528,-6.100849667573827,-0.9903817203225657,0.1315177216437602,5.057980537955245
-5.49759046263501,-0.4967680613684813,0.38679888198950024,0.5531632232492267,-2.6656130606876416,-0.1652018600543774,-5.11079158064551,-0.10996917937898104,-6.050753685884237,-1.049931284617708,0.08677513435952175,5.18267985007561
-5.398147894148272,-0.5061909955308271,0.36196031756204733,0.6060071214592679,-2.577050545125526,-0.13107209581680326,-5.036187576586224,-0.1442306779687798,-6.004155015607539,-1.1121981169900952,0.0451828235472788,5.303140002630512
-5.298670808491269,-0.5151643851417761,0.3530021318158727,0.6474491012286874,-2.502111919539227,-0.11035870786448071,-4.945668676675396,-0.1621622533259034,-5.946119909719957,-1.1626134863704634,0.004044419343972688,5.419685095956741
-5.199176583504109,-0.5240776648754152,0.3441049629646915,0.6563493831328974,-2.4434660816679514,-0.10591662235360466,-4.855071620539417,-0.17997270191072368,-5.855525966637006,-1.1804270480083126,-0.02102461326895164,5.532600072788152
-5.0997192315389395,-0.5331981875182814,0.3465900701961856,0.6654561794025621,-2.3904265611662816,-0.10716603915595246,-4.753129161342754,-0.1866081173220958,-5.765175410941501,-1.1986543669208434,-0.0440782636957437,5.642137038757764
-5.000291597782991,-0.5427190051680019,0.37544508103431773,0.6749627621122808,-2.350386958352514,-0.1216006620450194,-4.624846516748673,-0.16727392413368414,-5.675254359895272,-1.2176817672802827,-0.038729017407675426,5.748520328657152
-4.900902137636515,-0.552624236243373,0.3711579029248614,0.6719769999753417,-2.3000415202930173,-0.12590256959644636,-4.529744234711654,-0.18146633331851159,-5.5728791376118565,-1.2246012362187146,-0.030254514459623426,5.851950609881102
-4.801548208602263,-0.5628171681580215,0.37742755193938243,0.6410758352565977,-2.2689499626425236,-0.1495844424204031,-4.424120656662881,-0.1853896162186391,-5.442624043858861,-1.2038930034146191,-0.01318807173381101,5.952608237685686
-4.702192910913452,-0.5731425096060638,0.4086598487152413,0.6210536331479594,-2.244899563240367,-0.1803743625866729,-4.293533062198211,-0.16448266089082253,-5.323246544061412,-1.194196142754023,0.004646696228688018,6.050656022535727
-4.6028453477645215,-0.5834199646836957,0.4471163869087047,0.58529336123369,-2.232334186719768,-0.2226214951793552,-4.155728960855817,-0.13630357777499102,-5.188138708998212,-1.1687133259173859,0.022806560764499762,6.146241530754215
-4.503463146012174,-0.5934722438502273,0.4917633070456136,0.5507831670607366,-2.2222216429985253,-0.26722619191755215,-4.01169983896656,-0.10170893680461374,-5.054246313072911,-1.144255410910964,0.04098204304298009,6.239499011213327
-4.404048213591274,-0.6031166378707794,0.529279959976779,0.5169331204052872,-2.2081975265813827,-0.30773173872113563,-3.874768253614495,-0.07383667789400039,-4.920981333996561,-1.1200497582760667,0.05932216595446102,6.330551019783195
-4.304574277182011,-0.6121721188989079,0.5588218151412873,0.4931787360890893,-2.1851086781171047,-0.3389075989755529,-3.745752462040724,-0.05335030375762062,-4.797753013271101,-1.1053508549879971,0.07768242466336449,6.419509797545502
-4.205031690842986,-0.6204556698145458,0.5937869345124637,0.47721463663873936,-2.1608019943583554,-0.36851398384413503,-3.6112447563305228,-0.026668735302082136,-4.682246327481725,-1.0976703064532851,0.09600292863539693,6.50647844691164
-4.105421278345071,-0.627783783772185,0.6433207955875326,0.46349902600096626,-2.142621523965819,-0.4038027766793757,-3.4621004827575383,0.015537011815347612,-4.568920304346038,-1.0912828097731513,0.11435831364085602,6.591551940727859
-4.005721574316803,-0.6339752437092443,0.6910179191829514,0.4382328267142723,-2.1292533333927413,-0.4433801680889617,-3.314703655133852,0.057042675473707116,-4.443954401031076,-1.0722080704235166,0.13217805746425043,6.674817992471816
-3.905967058607241,-0.6388489867491823,0.7292275500342895,0.4225454585335677,-2.106324575053981,-0.4727655391249521,-3.1767395085729513,0.09037856328510718,-4.328512517140808,-1.06139444528275,0.15004922036403084,6.7563578102208535
-3.8061300117525945,-0.6422288629865927,0.7258642840360354,0.39212878461317335,-2.069932755587728,-0.48798218120472736,-3.080265727716559,0.08363542104944277,-4.198258796365768,-1.034357647599766,0.16732924225799392,6.829496019489876
-3.7062748296051886,-0.6439392651693389,0.7297829867268972,0.37630325009823246,-2.0298772831169267,-0.4987095008990018,-2.9764918428782914,0.08584372155755837,-4.0825780797034215,-1.0202425152675714,0.18466718839249938,6.451576460707231
