opt_x,opt_y,outer_width,inner_width,center_x,center_y,outer_x,outer_y,inner_x,inner_y,curvature,ref_v
4.6166598562119106,0.5756209525680374,1.4362208906371878,0.46469357587326343,1.8225662707239931,-0.19795318109794346,6.052880746849098,2.011841843205225,4.151966280338647,0.11092737669477393,-0.027530840248017708,2.0
4.716571268255962,0.5740511947319877,1.4346535282733897,0.44700803319381144,1.8644628865881923,-0.20679715017379519,6.151224796529352,2.008704723005377,4.269563235062151,0.1270431615381763,-0.024947740090602157,2.0
4.816131787363365,0.5722385627961283,1.4328325875903511,0.42270887025681897,1.9030040350149164,-0.21894257726870192,6.248964374953716,2.0050711503864793,4.393422917106546,0.1495296925393093,-0.022991180867778623,2.0
4.916309806152503,0.5701901722412074,1.4307950507839098,0.42145327163740304,1.953484013502998,-0.2195758034526497,6.347104856936413,2.000985223025117,4.4948565345151,0.14873690060380435,-0.017669433716181827,2.0
5.015613171846103,0.5679847133997428,1.4285735378192645,0.4236254858816616,2.0053325599542497,-0.2184816692689301,6.4441867096653676,1.9965582512190072,4.591987685964441,0.14435922751808117,-0.012238842607124819,2.0
5.115742925695475,0.5656308213582849,1.4262291256173814,0.42601610851015664,2.057764954294125,-0.21729109787446987,6.5419720513128565,1.9918599469756662,4.689726817185318,0.13961471284812826,-0.011879985580626449,2.0
5.21512837810678,0.5631765014575999,1.430306498901199,0.4284434068661105,2.1066326430358453,-0.21934329528874436,6.645434877007979,1.993483000358799,4.786684971240669,0.1347330945914894,-0.011845942690572937,2.0
5.315217617435843,0.5605834961048142,1.4412283382750315,0.4310687434805487,2.1525290113206803,-0.22478804934483432,6.756445955710875,2.0018118343798457,4.8841488739552945,0.12951475262426548,-0.014100400152621945,2.0
5.4146610950957275,0.5578670656994171,1.4586834221273317,0.43376226002311774,2.1948699664957565,-0.23352704820239845,6.873344517223059,2.016550487826749,4.98089883507261,0.12410480567629939,-0.01677072120158325,2.0
5.514605180714002,0.5549685571353307,1.4653191194769546,0.4103028520804108,2.229794456658729,-0.25002385513060654,6.979924300190957,2.020287676612285,5.104302328633592,0.14466570505491988,-0.020555873101487952,2.0
5.614181586586667,0.5518764833667333,1.4622348542316832,0.3904686110652875,2.2712076717101355,-0.25994487989983117,7.07641644081835,2.0141113375984165,5.223712975521379,0.16140787230144582,-0.022831711054352118,2.0
5.713893705457193,0.5485547758782188,1.4589177519082903,0.3937591188660962,2.3243675362074994,-0.25830192858198764,7.1728114573654835,2.007472527786509,5.320134586591097,0.15479565701212256,-0.022311763605456107,2.0
5.81360346013764,0.5450064435378117,1.4553741893547627,0.3972757970124709,2.3777525338976737,-0.25654597440224003,7.2689776494924025,2.0003806328925746,5.416327663125169,0.1477306465253408,-0.029877536568698945,2.0
5.913045686849696,0.5411690261758368,1.4515483978158825,0.40110844460626444,2.431302866820039,-0.2546354635168906,7.364594084665578,1.9927174239917194,5.511937242243431,0.1400605815695724,-0.043818960225120725,2.0
6.012887121063525,0.5369381285973632,1.4473192722227473,0.4052913705231675,2.4854296096819724,-0.2525448865511083,7.460206393286272,1.9842574008201104,5.607595750540357,0.13164675807419574,-0.0038276121602088225,2.0
6.112248890326501,0.5326918728680832,1.4430870709479766,0.40953949528878575,2.539350657333655,-0.25042785139555385,7.555335961274477,1.9757789438160598,5.702709395037715,0.12315237757929742,0.0505210046199729,2.0
6.212126775154774,0.5289226502185679,1.4393185885506987,0.41326087527893424,2.5930345309415044,-0.24856753152659827,7.651445363705473,1.9682412387692665,5.79886589987584,0.11566177493963364,0.10210829564912388,2.0
6.311635687778931,0.5261766136295608,1.436582532355329,0.41600199492088097,2.6455275751722414,-0.2472019619024436,7.74821822013426,1.9627591459848897,5.895633692858049,0.11017461870867984,0.12800605819006344,2.0
6.411320278642162,0.5246643616935545,1.4350753355078205,0.41749804327129186,2.696871493202816,-0.24645646527148712,7.846395614149982,1.959739697201375,5.99382223537087,0.1071663184222626,0.10534171005288678,2.0
6.51095907903663,0.5242918131618041,1.4347086851477528,0.4178647037445218,2.7470575488166995,-0.2462760841207135,7.945667764184384,1.9590004983095568,6.093094375292108,0.10642710941728228,0.20722988946995324,2.0
6.6107866662969785,0.5259926809490557,1.4364097643677083,0.41614946411790293,2.795263183023587,-0.2471338096503748,8.047196430664687,1.9624024453167639,6.194637202179075,0.10984321683115278,0.3696229733408162,2.0
6.710056421835139,0.5310608158946744,1.4414917278382426,0.41113988662970535,2.839852290313301,-0.24964551265693147,8.151548149673381,1.972552543732917,6.298916535205434,0.119920929264969,0.34712316687912553,2.0
6.809477502052632,0.5395872669384963,1.4500268208947056,0.40267666056897483,2.8810636708634507,-0.25388144669361723,8.259504322947338,1.989614087833202,6.406800841483657,0.13691060636952151,0.35226742327036337,2.0
6.908263358405272,0.551670913024926,1.4621350844686198,0.3925624228627965,2.9193453483997245,-0.25895087429044866,8.370398442873892,2.013805997493546,6.515700935542476,0.15910849016212947,0.47092107909687,2.0
7.0064941262960785,0.5683898349345109,1.4788927249688495,0.40277969831415306,2.965190549820691,-0.25386159586009277,8.485386851264927,2.04728255990336,6.6037144279819255,0.16561013662035784,0.5969070843003614,2.0
7.103778334230607,0.5909728113306311,1.5019216541419023,0.401410820421327,3.0016337502550154,-0.2547690111949721,8.605699988372509,2.092894465472533,6.70236751380928,0.1895619909093041,0.7274091834988728,2.0
7.198541136100821,0.6201907936389706,1.537484191534266,0.37790699156256824,3.0194819680645617,-0.26969320316636364,8.736025327635087,2.1576749851732364,6.820634144538253,0.24228380207640232,0.6792129716719707,2.0
7.292175298087085,0.6561556840894999,1.5849758911770069,0.3731246571876032,3.0401620320488405,-0.27784777494995194,8.877151189264092,2.2411315752665066,6.919050640899482,0.2830310269018967,0.5598103794756201,2.0
7.382679056357425,0.6969988727718319,1.6413747202088793,0.3742394901342714,3.0577719131414085,-0.285068178651388,9.024053776566305,2.3383735929807115,7.008439566223154,0.32275938263756054,0.5694791455052461,2.0
7.471643286845273,0.7434176275848566,1.7039238779777568,0.3621658202317992,3.0649426145496577,-0.2991702150805504,9.175567164823029,2.4473415055626133,7.109477466613474,0.3812518073530574,0.6225605873327954,2.0
7.5569287481722425,0.7948628821714864,1.7550403613491616,0.3479678140816916,3.0749281004523863,-0.3061048325479918,9.311969109521405,2.549903243520648,7.208960934090551,0.4468950680897948,0.6439437646935824,2.0
7.639059215904693,0.851917225994477,1.81187744168731,0.33630533727888906,3.081743555748136,-0.311827439206972,9.450936657592003,2.663794667681787,7.302753878625804,0.5156118887155878,0.6665259476364204,2.0
7.7169725907383615,0.9140388601085946,1.873979695181683,0.3380029293507777,3.0904979124537277,-0.31096895286115533,9.590952285920045,2.7880185552902774,7.3789696613875835,0.5760359307578169,0.6309697692215388,2.0
7.79097416986187,0.9810777580741074,1.9413157112745194,0.33494362827591845,3.0923010434316343,-0.3126471624622468,9.732289881136388,2.9223934693486266,7.456030541585951,0.6461341297981888,0.5808650997647613,2.0
7.860937383424113,1.0524244819064097,2.0126401331616735,0.3339881723397364,3.091142711301088,-0.31311373945776366,9.873577516585787,3.065064615068083,7.526949211084377,0.7184363095666733,0.6586663493229664,2.0
7.925921608854685,1.1280842736486125,2.088001344894842,0.3264459312514729,3.0821830976056575,-0.3167355699973782,10.013922953749526,3.2160856185434543,7.599475677603212,0.8016383423971396,0.8003015544663374,2.0
7.984810848599986,1.2087231679440142,2.04248733618401,0.31103830823596396,3.1266809103259705,-0.2613629300020158,10.027298184783996,3.251210504128024,7.6737725403640225,0.8976848597080502,0.7947688511655501,2.0
8.037041241973123,1.2936055483580813,1.9915622674287028,0.3103952001096127,3.177937087327016,-0.19378075948050444,10.028603509401826,3.2851678157867843,7.72664604186351,0.9832103482484686,0.7063225451505252,2.0
8.0832280028121,1.3821097946383063,1.950735929397219,0.3194066710755615,3.225949372245222,-0.12460973184167567,10.03396393220932,3.3328457240355256,7.76382133173654,1.0627031235627449,0.642324599842317,2.0
8.123586039508773,1.4732518399629582,1.9203743514798708,0.3091093728746227,3.2561605304517625,-0.06900656932114502,10.043960390988644,3.393626191442829,7.81447666663415,1.1641424670883356,0.5929583755017164,2.0
8.158525535053478,1.5668574459304963,1.9005521212685088,0.2962823684062547,3.2771278910956116,-0.018706153465878894,10.059077656321987,3.467409567199005,7.8622431666472234,1.2705750775242415,0.6180795444559624,2.0
8.18753286533484,1.6622106086359694,1.8900919438815778,0.31027695775819214,3.3038589396057274,0.04119781125629185,10.077624809216417,3.5523025525175473,7.8772559075766475,1.3519336508777773,0.7052218093289685,2.0
8.209880883601649,1.759539644409382,1.8677999720584084,0.33261708829077186,3.3373489999170056,0.1121783803208728,10.077680855660057,3.6273396164677907,7.877263795310877,1.42692255611861,0.6551696551286648,2.0
8.225816526376914,1.8578684847852893,1.8519011394581182,0.34855524708660446,3.3612353170027003,0.1772612962068878,10.077717665835031,3.7097696242434077,7.877261279290309,1.5093132376986849,0.4995622097300778,2.0
8.236776616432785,1.957258272120968,1.8409542385614985,0.35951608948581437,3.37766923367855,0.23791006152264194,10.077730854994282,3.7982125106824665,7.87726052694697,1.5977421826351534,0.4889643339300901,2.0
8.242824147583542,2.056518627523879,1.8349218503128724,0.36556514075885954,3.3867337190147646,0.2935809589849331,10.077745997896415,3.8914404778367517,7.877259006824683,1.6909534867650196,0.5657499331845144,2.0
8.243292094085184,2.156568489153523,1.8344496386576286,0.366031050126808,3.3874367527771816,0.34407495031135127,10.077741732742814,3.9910181278111514,7.877261043958376,1.790537439026715,0.6135068369255052,2.0
8.237688640114701,2.255648456059602,1.8400695069368556,0.3728158168591036,3.3852174750184747,0.394197382990925,10.077758147051556,4.095717962996457,7.864872823255597,1.8828326392004984,0.6552029089563403,2.0
8.22564479721555,2.3550589758441367,1.8521204946418912,0.37506407880901493,3.3742941906913364,0.4390012800056302,10.07776529185744,4.207179470486028,7.850580718406535,1.9799948970351218,0.602097818650763,2.0
8.207818825320665,2.4527187272158293,1.869993641162436,0.3809188966405937,3.3593720403994114,0.48182199134699344,10.0778124664831,4.322712368378266,7.826899928680071,2.0717998305752356,0.5515495113796297,2.0
8.184245371919644,2.549848711860096,1.858470453652474,0.35726298575909815,3.341518952013134,0.5243206219833602,10.042715825572119,4.40831916551257,7.826982386160546,2.192585726100998,0.6938779622367549,2.0
8.15418349143011,2.6446245457706197,1.7605011449399643,0.34459728040746895,3.369139813448807,0.6143603406190622,9.914684636370074,4.405125690710584,7.8095862110226415,2.3000272653631506,0.7977979081953201,2.0
8.116651340054537,2.736962022970935,1.664247034640788,0.341272951794352,3.3968386286040504,0.7069939700622496,9.780898374695324,4.401209057611723,7.775378388260185,2.395689071176583,0.8290668932484728,2.0
8.071743222825742,2.8257073127950307,1.5712867262544898,0.333316741909072,3.416886619240162,0.7938686642248064,9.643029949080232,4.39699403904952,7.73842648091667,2.492390570885959,0.836588106781938,2.0
8.019383416569056,2.9107677053651884,1.4823529452225022,0.3172152618942594,3.427122866620407,0.8728150110184727,9.501736361791558,4.39312065058769,7.702168154674797,2.593552443470929,0.8276687665560633,2.0
7.96030467755212,2.990760778706385,1.3997793719333664,0.30777256903515504,3.4341489373269543,0.9493769879040868,9.360084049485486,4.390540150639751,7.652532108516965,2.68298820967123,0.9785992684331073,2.0
7.893290547483727,3.065066619529643,1.3253846974251777,0.3128835863311471,3.4403947181948484,1.0262827542178061,9.218675244908905,4.39045131695482,7.58040696115258,2.752183033198496,1.1509427596439157,2.0
7.819092017137325,3.1310189615314274,1.2535565824800519,0.3071141075703909,3.4363247711138323,1.0922882433108831,9.072648599617377,4.384575544011479,7.511977909566934,2.8239048539610367,1.0361719008407777,2.0
7.737880066483012,3.1893864187019183,1.180451449223432,0.2988313575709071,3.428129987415244,1.1538831635246967,8.918331515706443,4.36983786792535,7.439048708912105,2.8905550611310113,0.9359813913920187,2.0
7.652019559799583,3.2396865223957336,1.119094722086163,0.3116060410906796,3.4222654394020497,1.2160989207001252,8.771114281885746,4.3587812444818965,7.340413518708903,2.928080481305054,0.8227232847596098,2.0
7.561968897380913,3.2829369140580935,1.0634929679262588,0.32102247017721874,3.409749199815937,1.2702332081545267,8.625461865307171,4.346429881984353,7.240946427203694,2.961914443880875,0.7320405190248608,2.0
7.469214546844899,3.3193943532834864,0.9965115719721038,0.3141285086970947,3.3934157417849447,1.3185056450042387,8.465726118817003,4.31590592525559,7.155086038147805,3.0052658445863916,0.6670959306825535,2.0
7.374077314906362,3.3496454085097374,0.9352816470359526,0.314632080143653,3.3767138740070313,1.364497920808719,8.309358961942316,4.28492705554569,7.059445234762709,3.0350133283660843,0.6157807087700959,2.0
7.277345264543225,3.37396635931155,0.8865839698643766,0.33718627141473323,3.363973783046791,1.4122843304309534,8.163929234407602,4.260550329175927,6.940158993128492,3.0367800878968167,0.5774832972944457,2.0
7.1793869265168455,3.392670744852446,0.8523317894356252,0.35593778420239436,3.3414964606418076,1.4481383698096075,8.03171871595247,4.245002534288071,6.823449142314451,3.0367329606500513,0.543361482884737,2.0
7.08053563818709,3.4060446703842238,0.8264706409340217,0.3692896914547185,3.3116773443538934,1.4744318604524604,7.907006279121112,4.232515311318245,6.7112459467323715,3.036754978929505,0.5084766130260967,2.0
6.981278859270147,3.414401614423207,0.7945653580117762,0.3776155474973477,3.282164524377859,1.4987259019543893,7.775844217281923,4.208966972434983,6.6036633117728,3.0367860669258597,0.43762287073088546,2.0
6.8815484371875435,3.4184347142350346,0.7642090046814446,0.38159888240237544,3.249469157454237,1.5179122959779827,7.645757441868988,4.182643718916479,6.499949554785168,3.036835831832659,0.34364143366985955,2.0
6.781901517737747,3.419069060684856,0.7277321710022673,0.3822215208981618,3.218195433816821,1.5367792052903755,7.509633688740014,4.146801231687124,6.399679996839586,3.0368475397866943,0.2166999208280955,2.0
6.6820490217820145,3.4175455644864554,0.7029592130609575,0.3807894067257991,3.179939607723428,1.5476878790756483,7.385008234842972,4.120504777547413,6.301259615056216,3.0367561577606565,0.07563933144550711,2.0
6.582427147801538,3.4152150346080052,0.6875330722838505,0.40395325040089936,3.1494236629592938,1.565817606362527,7.269960220085388,4.102748106891855,6.178473897400639,3.0112617842071057,0.012074376617969085,2.0
6.482617634702357,3.4127525642393284,0.6459390801128789,0.4461486572208979,3.141413605905188,1.6064810706736738,7.128556714815236,4.058691644352208,6.036468977481459,2.9666039070184302,-0.014113686879336578,2.0
6.38301485649458,3.410417532111156,0.6100405895083217,0.4716679888340506,3.1223211279101544,1.6360224657184423,6.993055446002902,4.020458121619478,5.91134686766053,2.938749543277105,-0.016200448581317615,2.0
6.283187765076271,3.4082366801342987,0.5888073433049326,0.507695600415195,3.1010380110932667,1.6635624686222805,6.871995108381203,3.9970440234392313,5.775492164661076,2.900541079719104,-0.006777497368675174,2.0
6.1834848008775145,3.4061313067709325,0.5602318508508342,0.5514420736706531,3.087347511848667,1.6986707647953758,6.743716651728349,3.9663631576217666,5.632042727206861,2.854689233100279,-0.005154419468117374,2.0
6.083694332825283,3.4040763539850385,0.5405301684481867,0.5796548990272461,3.0614095317021714,1.721600542282049,6.62422450127347,3.944606522433225,5.504039433798037,2.8244214549577924,-0.007846940080084268,2.0
5.98388070203761,3.4020998635570483,0.5388206395506178,0.6086491156289637,3.026854589057978,1.735964169817697,6.5227013415882285,3.940920503107666,5.375231586408646,2.793450747928085,-0.011841437530121396,2.0
5.8841157752478015,3.4002425949514747,0.5406698673100676,0.6117635489131491,2.9776047284254417,1.735668138277278,6.424785642557869,3.9409124622615423,5.272352226334652,2.7884790460383257,-0.016833873781865377,2.0
5.784230930835627,3.3985508645396996,0.5423604904222589,0.610055537997177,2.925962989205273,1.7331229560573091,6.326591421257886,3.9409113549619583,5.17417539283845,2.7884953265425225,-0.021295578234821044,2.0
5.68445832520632,3.3970731651884853,0.5438312382246837,0.5942576504357268,2.8674423687086814,1.7237497886997644,6.228289563431003,3.9409044034131693,5.0902006747705935,2.8028155147527585,-0.025359493505277685,2.0
5.5846779581140575,3.395845896672073,0.545052404697597,0.5489892511209288,2.7943074022686947,1.6998913715477024,6.129730362811655,3.94089830136967,5.035688706993128,2.8468566455511444,-0.023088082911195518,2.0
5.484905627337473,3.3948444325529064,0.5460477024208419,0.5194063739475572,2.729132149432094,1.6841015520398108,6.030953329758315,3.9408921349737485,4.965499253389916,2.875438058605349,-0.012651077399504171,2.0
5.385245799112163,3.3939717244123275,0.5469083858055086,0.4884461032950942,2.6633917583008744,1.6677547209509567,5.932154184917672,3.940880110217836,4.896799695817069,2.905525621117233,-0.009425878561749363,2.0
5.285469845110742,3.3931979571290243,0.5566066638399499,0.4602418376247978,2.5945525094477953,1.648416565456936,5.842076508950692,3.9498046209689743,4.825228007485944,2.9329561195042264,-0.016894937853583057,2.0
5.185790385320479,3.392587741974039,0.5718524188150163,0.4329505989812572,2.5234442827433603,1.6268429610701398,5.757642804135496,3.964440160789055,4.752839786339222,2.959637142992782,-0.004102503282012934,2.0
5.086004619517715,3.3919978539409277,0.6001627486583438,0.3936420998455839,2.4397419853524775,1.592738602564084,5.68616736817606,3.9921606025992715,4.692362519672131,2.9983557540953436,0.040682810372070756,2.0
4.986303682524423,3.3910042120512704,0.6011399372268381,0.36790739572646136,2.376535570512023,1.5788858352754467,5.587443619751261,3.9921441492781087,4.618396286797962,3.0230968163248093,0.08218985768566336,2.0
4.8865360718942465,3.3891951919489625,0.6029353199790427,0.35125270415931864,2.3174267280372614,1.568756288064619,5.489471391873289,3.9921305119280053,4.535283367734928,3.037942487789644,0.11791151143080612,2.0
4.786890752978956,3.386220046304017,0.6058830183595785,0.3482906166941315,2.264649175656755,1.564313822319285,5.392773771338534,3.9921030646635955,4.438600136284824,3.0379294296098855,0.1365950474254051,2.0
4.687219053839205,3.3819007130482537,0.610172983927832,0.3439900788014204,2.2105180743563966,1.557858903960921,5.297392037767037,3.9920736969760857,4.343228975037785,3.0379106342468334,0.12850972126813365,2.0
4.587684087940984,3.3763073170230573,0.6157225411696311,0.338439814363513,2.155200680567433,1.5495122951084694,5.2034066291106145,3.9920298581926885,4.249244273577471,3.0378675026595445,0.12503196617674897,2.0
4.488169514526156,3.369465838663931,0.6067492622725774,0.3316538105376861,2.106537031395632,1.5471851934645198,5.094918776798734,3.9762151009365088,4.15651570398847,3.037812028126245,0.12813035836011918,2.0
4.38880084120164,3.36135803828848,0.570054792211784,0.3236304845120671,2.0711882667509616,1.5574668652943815,4.958855633413424,3.931412830500264,4.065170356689572,3.037727553776413,0.13003742801430246,2.0
4.289506808501165,3.3519595963272124,0.5505149194450901,0.31765612753965483,2.0283240082978646,1.5595504022108886,4.840021727946255,3.9024745157723024,3.97185068096151,3.0343034687875576,0.13049433536578636,2.0
4.1903858324430505,3.3412755668048755,0.5340006819799008,0.3407904423929206,1.9985877964280352,1.5740326636089477,4.724386514422951,3.8752762487847763,3.84959539005013,3.000485124411955,0.12866499239448204,2.0
4.091369109479266,3.3293170073103386,0.5189207829117235,0.3530084780480347,1.9627284023077887,1.581702351223325,4.610289892390989,3.848237790222062,3.738360631431231,2.9763085292623037,0.12443456999282305,2.0
3.9925656512543255,3.316135309772932,0.5035217723706853,0.37635455229815623,1.9326992155908982,1.5944840448502013,4.496087423625011,3.819657082143617,3.6162110989561693,2.9397807574747756,0.1275339663096377,2.0
3.893873059921406,3.3016866602263693,0.47503519156348567,0.41254213148262403,1.9156899999202721,1.6195968000727539,4.368908251484892,3.776721851789855,3.481330928438782,2.889144528743745,0.1370283930727584,2.0
3.7954661082634016,3.2859197069911463,0.4679061626707095,0.4519444586367461,1.889752202114719,1.6349790014785914,4.263372270934111,3.753825869661856,3.3435216496266555,2.8339752483544003,0.11532544443531166,2.0
3.6971449541111157,3.2690127681654784,0.4689894338036979,0.48274908720340776,1.8554523037554127,1.641386210782594,4.166134387914814,3.7380022019691763,3.214395866907708,2.7862636809620707,0.06901367207722912,2.0
3.599031048179958,3.2514422388682616,0.45933305016357623,0.5034884887510843,1.8215932433837327,1.6477988387278848,4.058364098343534,3.710775289031838,3.0955425594288735,2.747953750117177,0.02780612470028252,2.0
3.5008714307087363,3.2335804086356945,0.4580941758567428,0.524087873427415,1.7834325641397044,1.6497870531031833,3.9589656065654792,3.6916745844924375,2.9767835572813213,2.7094925352082795,-0.009029494960782909,2.0
3.4028009894308,3.215815027989511,0.47594681214215795,0.5492474780799073,1.7380508276842745,1.64455784696363,3.878747801572958,3.6917618401316687,2.853553511350893,2.6665675499096038,-0.024521698373315776,2.0
3.3046130668475233,3.198269822295486,0.49525040274936116,0.5633678947300025,1.6863652794140824,1.6331936571380639,3.7998634695968843,3.693520225044847,2.741245172117521,2.6349019275654837,-0.022439579770252866,2.0
3.2064261015160067,3.1809547711361734,0.5227548586268099,0.5579512230029808,1.6208112329460886,1.608075567756172,3.7291809601428167,3.7037096297629835,2.648474878513026,2.623003548133193,-0.02865218299514781,2.0
3.108201138876433,3.163925344767175,0.5593116791553049,0.5704690777948969,1.5596792687580123,1.5875413717033835,3.667512818031738,3.72323702392248,2.537732061081536,2.5934562669722783,-0.042913112980916775,2.0
3.009704635968418,3.147280324197174,0.5933537142490827,0.5581468763390484,1.4872488990291919,1.5560367431435698,3.6030583502175006,3.7406340384462564,2.45155775962937,2.5891334478581256,-0.04904620434943527,2.0
2.9113620095306136,3.131149834212433,0.6132667335328033,0.5419707067535346,1.4200329913756724,1.5299269037165824,3.524628743063417,3.7444165677452363,2.369391302777079,2.589179127458898,-0.044614857893028735,2.0
2.812589848265736,3.115400364038646,0.6478097579105245,0.5411782557907032,1.3529791730729572,1.5043844309594123,3.4603996061762605,3.7632101219491707,2.2714115924750327,2.574222108247943,-0.03772561985222145,2.0
2.7141007929119274,3.1000702067035615,0.6946488061067302,0.5588573688503186,1.2891546778277578,1.4821393847235749,3.4087495990186576,3.7947190128102917,2.155243424061609,2.541212837853243,-0.023775106013317712,2.0
2.6153414983406806,3.0849381556484072,0.7470384033561769,0.547074178853146,1.2076886369188249,1.4424869655726882,3.3623799016968574,3.831976559004584,2.0682673194875347,2.5378639767952613,-0.01119196550743586,2.0
2.5167180499103408,3.0699480873731124,0.7926799725442975,0.5320573348378037,1.1280477061019236,1.4046627248333095,3.309398022454638,3.8626280599174097,1.984660715072537,2.5378907525353087,-0.005285011735956071,2.0
2.4181000949143225,3.0550120576577,0.8432853629176977,0.5170940848353413,1.0459544084159829,1.3644103897876718,3.26138545783202,3.898297420575398,1.9010060100789814,2.537917972822359,0.0006031842642322069,2.0
2.3193061915235265,3.040044435894994,0.8959799248894977,0.5021159216377177,0.9627210941358731,1.323090216321607,3.215286116413024,3.936024360784492,1.817190269885809,2.5379285142572763,0.005791639041363273,2.0
2.2208050588664983,3.0250628757732243,0.9476389920484266,0.4870972062526617,0.8801316365353666,1.2822605449887297,3.1684440509149248,3.972701867821651,1.7337078526138365,2.537965669520563,0.011079785743512283,2.0
2.1219131134449927,3.009916513260602,0.9824576208271644,0.46395796867339095,0.8017067306456096,1.2457084305534143,3.104370734272157,3.9923741340877665,1.6579551447716017,2.545958544587211,0.01065702998898087,2.0
2.02349245127331,2.9947351973886884,1.0090094415643682,0.4330151377555754,0.7237490737322586,1.209370446789948,3.0325018928376783,4.003744638953057,1.5904773135177346,2.561720059633113,0.009031651815137827,2.0
1.9246389909158637,2.9793773708061004,1.0446993414038424,0.4236730428400207,0.651806346176021,1.1791755361211393,2.969338332319706,4.024076712209943,1.500965948075843,2.5557043279660796,0.029773147692082225,2.0
1.826263532295221,2.9637917042696458,1.0795520426061815,0.42403616117736653,0.5853738254332029,1.1541379114204156,2.9058155749014025,4.043343746875827,1.4022273711178546,2.539755543092279,0.06149541184991047,2.0
1.7275930411806941,2.9475495087428247,1.1076735050224402,0.40784596597231637,0.5138827510652851,1.1238609848463503,2.835266546203134,4.055223013765265,1.3197470752083778,2.5397035427705084,0.07366017025998489,2.0
1.6294002848675984,2.9306464463442845,1.1443974103498118,0.39102506318051616,0.43801396884915145,1.0886370495874944,2.77379769521741,4.075043856694096,1.2383752216870823,2.539621383163768,0.07294986606830278,2.0
1.5309909792543979,2.9129655904250846,1.1771174897145633,0.3734284423089912,0.3636509659244128,1.0546382715097562,2.708108468968961,4.090083080139648,1.1575625369454068,2.5395371481160933,0.07521476963049202,2.0
1.4330965257096642,2.89461652251433,1.1954675221815498,0.36295046007350285,0.30028973180080865,1.0310497302031416,2.628564047891214,4.09008404469588,1.0701460656361612,2.531666062440827,0.08006623528123141,2.0
1.3349200810280966,2.8754020123491077,1.2146853530578328,0.35600635359341526,0.23812054078183953,1.0083615064423452,2.5496054340859295,4.090087365406941,0.9789137274346813,2.5193956587556925,0.08304475670054591,2.0
1.2375258379237206,2.855501845662591,1.234594396382024,0.36545041067254025,0.1841909261071184,0.9931789299765537,2.472120234305745,4.0900962420446145,0.8720754272511804,2.4900514349900504,0.0847422093469329,2.0
1.1394987765240456,2.8346077502876743,1.2456862028337006,0.35691476745176137,0.12536367057105324,0.9729181574528676,2.385184979357746,4.080293953121375,0.7825840090722842,2.477692982835913,0.08552359079091301,2.0
1.042888568576092,2.813153901778622,1.226220265058607,0.36899638588199013,0.09283234469973756,0.9779650113010024,2.269108833634699,4.039374166837229,0.6738921826941019,2.4441575158966318,0.08574084449514506,2.0
0.9449231749493093,2.790524882666277,1.2098121960346508,0.3670955743865769,0.05110327665061776,0.9739041305091015,2.15473537098396,4.000337078700928,0.5778276005627324,2.4234293082797,0.08085988105800931,2.0
0.8486022746153622,2.7674564112819415,1.1957569017043959,0.37944710012687516,0.016146236518920776,0.9755733048522104,2.044359176319758,3.9632133129863374,0.46915517448848704,2.3880093111550664,0.07587223715656893,2.0
0.7514304007102257,2.7433970127729754,1.1797383538752695,0.37570402954225607,-0.02630196181139388,0.969681344219981,1.9311687545854952,3.923135366648245,0.37572637116796964,2.3676929832307194,0.07851884357277156,2.0
0.6549881719547382,2.718727028855942,1.1728674941881645,0.39704287383372516,-0.060418224199850545,0.9714512042507514,1.8278556661429026,3.8915945230441062,0.2579452981210131,2.3216841550222167,0.055106202377136496,2.0
0.5588703357400557,2.6935916862426006,1.1675478715413834,0.42615659065897316,-0.09126047257117725,0.9761002026800951,1.7264182072814391,3.861139557783984,0.13271374508108258,2.2674350955836275,0.00418269057492397,2.0
0.46264673369285947,2.6683106169408464,1.1624620658440425,0.4541024275041625,-0.12285645232351028,0.9799754893004832,1.625108799536902,3.8307726827848887,0.008544306188696948,2.214208189436684,0.0039654480528809495,2.0
0.36655348287640915,2.643007026050845,1.1635773931749231,0.4673770161580533,-0.16482344707023033,0.9734033245169876,1.5301308760513324,3.806584419225768,-0.10082353328164417,2.1756300098927914,0.08961324123785033,2.0
0.27030490718078526,2.616648411447301,1.1527186776225506,0.4798352658126905,-0.20128925231453743,0.9718824998187205,1.423023584803336,3.769367089069852,-0.20953035863190522,2.1368131456346107,0.30701877603090216,2.0
0.1755711604203403,2.587831872930512,1.1531995649277982,0.49292447419640756,-0.24235196515552515,0.9637783910995605,1.3287707253481384,3.74103143785831,-0.31735331377606724,2.0949073987341045,0.24187478018704753,2.0
0.07976507981795727,2.5561402234676267,1.164813040223037,0.4666679194166856,-0.3091900204941971,0.9289975513306377,1.2445781200409942,3.7209532636906637,-0.38690283959872834,2.089472304050941,0.11016963631925451,2.0
-0.013579810047439567,2.5233439857771014,1.1750795280727049,0.4488357627858195,-0.3699117876671625,0.8985501102451079,1.1614997180252653,3.6984235138498063,-0.46241557283325907,2.074508222991282,0.4447881163420051,2.0
-0.10677039046313413,2.4858865955112246,1.185920702688395,0.4286784746012623,-0.4320063092751334,0.864322183712046,1.0791503122252608,3.6718072981996195,-0.5354488650643965,2.057208120909962,0.7002074143609568,2.0
-0.19645814310478743,2.4425635592307438,1.203199653664139,0.4043213200509949,-0.49766823835896573,0.8218426128087999,1.0067415105593516,3.6457632128948827,-0.6007794631557823,2.038242239179749,0.7348783865879943,2.0
-0.2829989965888274,2.392620733826367,1.2286884634464252,0.3701780617608982,-0.5707546991371772,0.7670551660704201,0.9456894668575979,3.6213091972727924,-0.6531770583497256,2.022442672065469,0.7767298272059342,2.0
-0.36524791478057733,2.336230827851075,1.268618350128584,0.35357995612675325,-0.640143154391204,0.710596216924622,0.9033704353480065,3.6048491779796588,-0.7188278709073306,1.9826508717243216,0.820614735372392,2.0
-0.44264386333789385,2.27327075809149,1.321876596284512,0.34063338760198086,-0.7119435360102125,0.6460137747044794,0.8792327329466182,3.595147354376002,-0.7832772509398747,1.9326373704895092,0.8649242753454013,2.0
-0.5142903629146566,2.2039008124349975,1.3868788481789884,0.32054101267664614,-0.7903140992084994,0.5687814884663275,0.8725884852643319,3.590779660613986,-0.8348313755913027,1.8833597997583513,0.9104009057443819,2.0
-0.5793627389488059,2.128261248008995,1.4564065147447898,0.2829408525672399,-0.8764142005631779,0.4773977929157225,0.8770437757959839,3.5846677627537846,-0.8623035915160457,1.845320395441755,0.9925474221336454,2.0
-0.6365680547147379,2.0466276732059634,1.4568870100940057,0.26703324520740085,-0.9132109098006713,0.4283869541596792,0.8203189553792678,3.503514683299969,-0.9036012999221388,1.7795944279985625,1.106246339173987,2.0
-0.6845237260164521,1.9594216427125035,1.42337249142654,0.25202178987715884,-0.9279372137829166,0.3940354705815612,0.7388487654100879,3.3827941341390435,-0.9365455158936109,1.7073998528353447,1.043333269186057,2.0
-0.7232880353850889,1.867435382922619,1.399574494662413,0.23843761428082624,-0.9422124578833377,0.3531492512705162,0.676286459277324,3.267009877585032,-0.9617256496659151,1.6289977686417927,0.9248295270103954,2.0
-0.7528491454775382,1.7720341598139948,1.3700844911980319,0.23465986416968126,-0.9441368862529445,0.318304766392822,0.6172353457204937,3.1421186510120265,-0.9875090096472194,1.5373742956443135,1.2531063284618886,2.0
-0.7701820645773418,1.6740352923617712,1.3527873311374248,0.2492223622276907,-0.936873516743538,0.2852351617260186,0.5826052665600829,3.026822623499196,-1.0194044268050326,1.4248129301340804,1.6449102152190282,2.0
-0.7724977669259938,1.5744387675392688,1.3504769161357757,0.25152191485091047,-0.9357263841054295,0.2377418831272018,0.5779791492097819,2.9249156836750445,-1.0240196817769043,1.3229168526883583,1.2675020850511218,2.0
-0.7621719569646231,1.4751487796526637,1.3608116269653256,0.24934160795794058,-0.9368209879860041,0.18183938032263935,0.5986396700007025,2.835960406617989,-1.0115135649225637,1.225807171694723,0.9866081496163245,2.0
-0.7417616847005499,1.3773874439659202,1.3812592120702012,0.2635374715042226,-0.9297417126332643,0.12983285169997083,0.6394975273696513,2.758646656036121,-1.0052991562047726,1.1138499724616975,1.0261511729725326,2.0
-0.7115425083281807,1.2824764902367016,1.4115792238578326,0.2712905306640476,-0.9259156007609828,0.07109389852145831,0.700036715529652,2.6940557140945343,-0.9828330389922283,1.011185959572654,1.0570820988589376,2.0
-0.6714357223034783,1.191082430563093,1.4518923256317586,0.28220686297698916,-0.9205605924791238,0.01069848395416173,0.7804566033282804,2.6429747561948513,-0.9536425852804674,0.9088755675861038,1.0659554243043323,2.0
-0.6218397386940484,1.1044660824914334,1.5015761537721788,0.3085689263704162,-0.9074234830479055,-0.044270572455164525,0.8797364150781304,2.606042236263612,-0.9304086650644646,0.7958971561210172,1.0596890457958725,2.0
-0.56346191497738,1.0236810424116438,1.559492803187263,0.3310508535903051,-0.895951932287169,-0.10238045359265702,0.9960308882098831,2.583173845598907,-0.894512768567685,0.6926301888213386,1.0339514812285129,2.0
-0.4968204518139553,0.9491693590261217,1.6259160703223623,0.34474684089761115,-0.8889948406193532,-0.16599993519931477,1.1290956185084071,2.575085429348484,-0.8415672927115665,0.6044225181285106,1.0978349807261678,2.0
-0.42297739152398983,0.8828823537416721,1.6433851344539692,0.3689410798391267,-0.8487107230694162,-0.19578085043658522,1.2204077429299793,2.526267488195641,-0.7919184713631165,0.5139412739025454,1.2101029803537422,2.0
-0.3413398001023132,0.8256182891678415,1.5859850385232435,0.38801535434625545,-0.7696547421396506,-0.1861756975045733,1.2446452384209303,2.411603327691085,-0.7293551544485686,0.4376029348215861,1.2714727736619496,2.0
-0.2533429407523379,0.7792090792695536,1.53934410739499,0.39808237819328746,-0.6973023349770202,-0.18102632496607451,1.2860011666426523,2.318553186664544,-0.6514253189456254,0.38112670107626617,1.2111685288212357,2.0
-0.1602661466854966,0.7432374438187517,1.5032761336256526,0.3929542828063201,-0.6352939987524145,-0.18354220350029038,1.343009986940156,2.2465135774444045,-0.5532204294918167,0.35028316101243157,0.7810581123685612,2.0
-0.06458265084818664,0.7146976117167758,1.474690432372699,0.38579364431859525,-0.5767397194511452,-0.187099588168664,1.4101077815245124,2.189388044089475,-0.4503762951667819,0.32890396739818056,0.5655397232334146,2.0
0.03234587503519138,0.6917432677427701,1.451710077407272,0.3984184230552199,-0.5104728896584303,-0.18077419330464095,1.4840559524424635,2.143453345150042,-0.36607254802002853,0.29332484468755016,0.5539462197597288,2.0
0.13028801178894853,0.6740905977321447,1.434043242632326,0.4160395242350044,-0.44385785330418653,-0.17195656033258844,1.5643312544212744,2.108133840364471,-0.2857515124460559,0.25805107349714035,0.4404612907486008,2.0
0.22927678228667048,0.6607044279920815,1.4206514924737095,0.429415766372557,-0.380979471907241,-0.16526564905453545,1.6499282747603798,2.081355920465791,-0.20013898408588654,0.2312886616195245,0.30324310950299166,2.0
0.3282539746419179,0.6504832090913178,1.4104249995336025,0.43962857085317264,-0.3212712270192559,-0.16015660979455593,1.7386789741755204,2.0609082086249204,-0.11137459621125473,0.2108546382381452,0.2490831544495011,2.0
0.42768684744307595,0.6427054877533837,1.4026449479264573,0.44740396126745824,-0.26377706960796155,-0.15626774945280775,1.8303317953695333,2.045350435679841,-0.019717113824382293,0.19530152648592541,0.21734987012940202,2.0
0.5271627419515041,0.6371280200714137,1.4011675209280468,0.45297980438297153,-0.2105124872967855,-0.1555298482368308,1.928330262879551,2.0382955409994605,0.07418293756853261,0.18414821568844214,0.23486123086672026,2.0
0.6267891219751733,0.6338432409839777,1.4090525414216184,0.45626469769412725,-0.16299936087615896,-0.15947230137175672,2.0358416633967917,2.042895782405596,0.17052442428104608,0.17757854328985045,0.18653843286108412,2.0
0.7267470594400854,0.6323999527812354,1.4257587675428085,0.43433929967097973,-0.13233620421587167,-0.17950975754529663,2.152505826982894,2.0581587203240437,0.2924077597691057,0.19806065311025567,0.09469998571613222,2.0
0.8263877670691294,0.6319173299303459,1.442104433088776,0.41476821980196066,-0.10047422310884291,-0.1977094416782348,2.2684922001579055,2.0740217630191218,0.41161954726716876,0.21714911012838523,0.017919815479923926,2.0
0.9264154078198086,0.631614202374384,1.441804654891033,0.4093155700696813,-0.053036838500771566,-0.20043744122348384,2.368220062710842,2.073418857265417,0.5170998377501272,0.22229863230470276,-0.05273480536215215,2.0
1.025903064279099,0.6309115367975522,1.441094954059413,0.41000969965272777,-0.0025910950637930696,-0.20008685880456645,2.466998018338512,2.072006490856965,0.6158933646263711,0.22090183714482442,-0.03753141301330217,2.0
1.1259002235673081,0.6298306473801861,1.4400169478620874,0.41111400459377107,0.0484986401494959,-0.19953614794406516,2.565917171429396,2.0698475952422735,0.714786218973537,0.21871664278641506,-0.01809976797030659,2.0
1.225396098490695,0.6285474165322203,1.4387269933050268,0.4123879609868022,0.09952853308623522,-0.1988958078930022,2.664123091795722,2.067274409837247,0.8130081375038929,0.21615945554541816,-0.01862659191273855,2.0
1.325338860091122,0.6270727619743072,1.4372542305304439,0.4138817800978575,0.15098320482926786,-0.19814984422913962,2.762593090621566,2.064326992504751,0.9114570799932645,0.2131909818764497,-0.018024044401245592,2.0
1.4249594690455099,0.6254286748925678,1.435605906449187,0.415523862200158,0.2024387123982404,-0.19732668467823067,2.860565375494697,2.061034581341755,1.0094356068453518,0.2099048126924098,-0.012724950490076872,2.0
1.5248316136117466,0.6236534045259582,1.4338312270282996,0.4173131562014942,0.2541567713924706,-0.19643233315042363,2.958662840640046,2.057484631554258,1.1075184574102523,0.20634024832446402,-0.0082611120165666,2.0
1.6245481102683994,0.6217972411239641,1.4319727056806928,0.4191730786191473,0.3058742416034269,-0.19550119296879076,3.056520815949092,2.053769946804657,1.2053750316492522,0.20262416250481674,-0.005492701828516461,2.0
1.7243647663158101,0.6198842521281269,1.4300592756422474,0.4210962304275184,0.3577008605505406,-0.194539396543301,3.1544240419580576,2.0499435277703744,1.3032685358882916,0.1987880217006085,-0.0035726461386641002,2.0
1.824110948119866,0.6179362114752209,1.4281094637070406,0.4409013851622458,0.41845143478753555,-0.1846359335347869,3.2522204118269067,2.0460456751822615,1.3832095629576202,0.17703482631297512,-0.0029492581784194157,2.0
1.9239792718266453,0.6159566586856785,1.42613046151998,0.47661139563402094,0.4872301029703431,-0.16678120360014026,3.350109733346625,2.0420871202056583,1.4473678761926243,0.13934526305165756,-0.001536118243491199,2.0
2.023743614834314,0.613964300090893,1.4241366847685708,0.4786103039011092,0.5391086169834264,-0.16578104038828434,3.4478802996028852,2.038100984859464,1.545133310933205,0.13535399618978378,0.000809736333739565,2.0
2.123692121475634,0.6119767615102037,1.4221512211853482,0.4806232082803352,0.5910820542853106,-0.16477562569740467,3.5458433426609823,2.034127982695552,1.643068913195299,0.13135355322986852,0.003829378807731837,2.0
2.2232813637614144,0.6100347408528206,1.4202044569318328,0.48255418006195877,0.6428155434457701,-0.1638077680085267,3.6434858206932472,2.0302391977846534,1.7407271836994556,0.12748056079086184,0.00750344322278167,2.0
2.323197102692468,0.6081587005900129,1.4183298416894752,0.5044412902878521,0.7046542756454223,-0.1528649254058051,3.7415269443819428,2.026488542279488,1.8187558124046157,0.10371741030216075,0.007995845329522784,2.0
2.4225735031794207,0.6063716699438385,1.416534085586213,0.5345357855754397,0.7702876015843237,-0.1378133150334674,3.839107588765634,2.0229057555300516,1.8880377176039809,0.07183588436839883,0.0068788455655707,2.0
2.5225288858453223,0.6046432243909813,1.4148077569400783,0.5362419293842621,0.821981529144753,-0.13696130158241748,3.9373366427854006,2.0194509813310595,1.9862869564610603,0.06840129500671921,0.006080400682164062,2.0
2.621949589925855,0.6029842600336629,1.4131409615525485,0.537908128147041,0.8733583782601737,-0.13612428668592225,4.035090551478404,2.0161252215862113,2.0840414617788143,0.06507613188662187,0.005226567290295395,2.0
2.721857023554344,0.6013683791418497,1.4115262664208879,0.5395047700996946,0.9249177636165753,-0.1353265585896718,4.133383289975232,2.0128946455627377,2.182352253454649,0.061863609042155154,0.003741580300904551,2.0
2.821446372728141,0.5997948141502675,1.409948026998412,0.5410765186684543,0.9762874321990918,-0.13453834708984513,4.231394399726553,2.0097428411486793,2.280369854059687,0.058718295481813176,0.002423116754855269,2.0
2.921186372943112,0.5982433593359864,1.4083946744602023,0.5426181119004007,1.0277049051916551,-0.13376660161190768,4.329581047403314,2.0066380337961887,2.3785682610427115,0.05562524743558572,0.0016023626402518365,2.0
3.0208458888886627,0.5967092571892394,1.4122001325769078,0.5441467526004491,1.0763962544561019,-0.13567206139360966,4.433046021465571,2.0089093897661474,2.4766991362882136,0.052562504588790304,0.0011393070218947783,2.0
3.1205739368016814,0.5951855282559357,1.4230149720287453,0.5365797772218056,1.117069370997371,-0.1456248332755019,4.543588908830427,2.018200500284681,2.5839941595798757,0.05860575103413013,0.000976857817428992,2.0
3.2202049928128864,0.5936734286094546,1.4349613375007226,0.507962586120302,1.1466031207162328,-0.16666266138548302,4.655166330313609,2.0286347661101773,2.7122424066925843,0.08571084248915262,0.0012327083606287956,2.0
3.320037409182459,0.5921705489311216,1.4528102184665554,0.49797488841069165,1.1826010395632978,-0.18133239056237105,4.772847627649014,2.044980767397677,2.8220625207717673,0.09419566052042999,0.001599221483063899,2.0
3.4195803138380314,0.5906884371187989,1.4513189303122536,0.49945769232560605,1.233859537925692,-0.18058640043392427,4.870899244150285,2.0420073674310526,2.920122621512425,0.09123074479319287,0.002307273153555389,2.0
3.519377560785536,0.5892254795979308,1.449854785912855,0.5009173499274143,1.2852200624000476,-0.17985597819375498,4.969232346698391,2.039080265510786,3.0184602108581218,0.08830812967051649,0.0030468793123561945,2.0
3.61900914113397,0.587795343845772,1.4484182664323988,0.50234680295797,1.3364688388297705,-0.1791380598143284,5.067427407566369,2.0362136102781707,3.116662338176,0.08544854088780207,0.003916194599028258,2.0
3.71871132677956,0.5864030862894245,1.4470218264400068,0.5037373171624738,1.3877134087510137,-0.17844071149405416,5.165733153219567,2.0334249127294313,3.2149740096170865,0.08266576912695067,0.00475828578613285,2.0
3.8185034585478284,0.585056914919231,1.4456742556152709,0.491535343721345,1.4321822733269514,-0.1845409984873475,5.264177714163099,2.030731170534502,3.3269681148264834,0.09352157119788596,0.005571379617650546,2.0
3.9180663040268344,0.583769154702403,1.4443779545740671,0.4644094713490583,1.4690489104009128,-0.19809966426130288,5.362444258600902,2.0281471092764702,3.453656832677776,0.11935968335334468,0.0064181539602805385,2.0
4.018044676223439,0.5825400115776315,1.4431531323426663,0.45774630426090374,1.5163189240708381,-0.20143340825206557,5.461197808566105,2.025693143920298,3.560298371962535,0.12479370731672773,0.00724369052755555,2.0
4.117470585652999,0.5813862700353031,1.4419865817418638,0.45889444264413903,1.5671892232776372,-0.20085293453121078,5.5594571673948625,2.0233728517771667,3.65857614300886,0.12249182739116404,0.005089980820746003,2.0
4.217613698281213,0.5802751173532923,1.4408847653691772,0.4600213944466864,1.618375163679361,-0.20029412678459924,5.658498463650391,2.0211598827224693,3.757592303834527,0.12025372290660591,0.0023684243223114684,2.0
4.3168304123081285,0.5791964143151584,1.4397868266579723,0.46108815812014425,1.6690658718851505,-0.1997511271113348,5.756617238966101,2.0189832409731308,3.855742254187984,0.1181082561950142,-0.0012150432280871096,2.0
4.417156761273552,0.5780935921797807,1.4386989284949372,0.4622125486303323,1.7203351907044735,-0.19919639384241206,5.8558556897684895,2.016792520674718,3.9549442126432197,0.11588104354944845,-0.004650080616087296,2.0
4.516478983065999,0.5769427180712655,1.4375321196681854,0.4633543945109258,1.7711506289543695,-0.198617503542997,5.954011102734184,2.014474837739451,4.053124588555073,0.11358832356033971,-0.016089993842867273,2.0
4.6166598562119106,0.5756209525680374,1.4362208906371878,0.46469357587326343,1.8225662707239931,-0.19795318109794346,6.052880746849098,2.011841843205225,4.151966280338647,0.11092737669477393,-0.027530840248017708,2.0
